person,city
14,1166
16,1284
27,1282
33,969
47,1356
66,177
79,1292
100,975
113,161
137,1050
141,502
167,117
177,720
182,1411
183,708
210,445
217,1173
218,883
235,652
251,1223
261,866
283,521
332,357
358,1056
361,919
376,239
381,268
384,510
396,346
440,1203
474,118
480,804
495,348
501,1364
504,223
563,264
641,1278
664,1195
681,1073
682,259
694,1219
697,516
704,787
716,541
837,278
926,436
939,1267
948,1086
970,491
977,1340
999,1125
1020,305
1024,274
1032,231
1034,746
1057,1432
1065,785
1077,1256
1093,943
1164,1058
1167,1306
1169,939
1179,611
1193,844
1198,1239
1227,1097
1272,1022
1302,1040
1339,1383
1365,1041
1375,742
1380,1295
1386,529
1390,679
1424,1274
1434,1285
1450,401
1462,976
1497,1341
1511,1095
1513,944
1521,499
1527,684
1534,949
1537,1422
1567,991
1585,486
1636,500
1639,291
1656,1397
1738,1242
1760,780
1774,1368
1810,632
1851,1326
1882,1451
1891,471
1933,765
1952,753
1953,465
1975,603
1978,1321
1989,337
2028,1210
2040,614
2119,1345
2123,725
2174,1269
2184,254
2201,1438
2208,121
2212,925
2216,131
2218,834
2226,798
2227,688
2238,261
2239,284
2318,218
2358,191
2368,1062
2378,842
2394,229
2435,643
2445,951
2473,1185
2482,1385
2529,1424
2565,1047
2613,176
2658,364
2659,882
2662,259
2665,1405
2676,416
2715,776
2718,294
2735,1075
2756,377
2772,205
2782,527
2783,1348
2828,548
2835,1124
2840,1144
2842,1134
2857,298
2866,928
2869,370
2896,516
2941,791
2958,781
2965,1102
2972,878
2975,351
2992,1205
3018,1419
3020,808
3036,585
3050,1058
3079,732
3092,424
3093,1388
3096,1325
3100,629
3105,1222
3118,1070
3128,981
3139,668
3156,672
3166,478
3183,456
3213,389
3218,417
3224,947
3261,1125
3283,1256
3297,739
3302,217
3303,218
3342,733
3366,994
3380,113
3381,444
3388,390
3390,447
3409,709
3435,275
3451,1242
3470,477
3486,1058
3507,201
3520,1420
3536,534
3576,149
3579,632
3585,1243
3616,366
3628,906
3630,537
3655,1445
3656,980
3702,1037
3728,844
3791,952
3809,1445
3819,1314
3825,613
3837,726
3850,1336
3875,897
3903,448
3918,568
3927,1423
3955,1139
4026,865
4044,1236
4091,189
4097,1383
4104,785
4105,712
4109,568
4138,756
4199,466
4203,830
4207,368
4228,980
4229,948
4269,1214
4334,291
4337,423
4340,222
4355,523
4365,682
4378,713
4379,1369
4385,173
4413,546
4478,493
4503,201
4546,1251
4617,603
4618,445
4621,1408
4633,639
4650,406
4651,638
4676,1191
4687,1230
4688,208
4724,1418
4726,1125
4728,368
4741,223
4758,593
4768,1157
4802,785
4828,324
4835,951
4857,121
4866,1362
4869,1208
4870,363
4929,878
4934,581
4961,960
4966,318
4985,178
4992,567
5074,744
5078,174
5099,892
5155,1120
5157,196
5186,924
5187,279
5202,1429
5231,938
5247,660
5252,942
5260,1074
5320,229
5322,1067
5327,618
5344,522
5346,1342
5378,1232
5393,140
5438,1209
5452,655
5461,808
5471,678
5474,724
5489,334
5494,501
5499,580
5553,1079
5615,1157
5619,940
5671,126
5688,1325
5694,1144
5726,1001
5730,860
5780,482
5807,462
5851,710
5864,291
5878,362
5880,1440
5888,517
5913,959
5924,470
5928,1279
5958,414
5973,522
6003,307
6054,289
6079,1173
6095,350
6099,876
6110,1298
6120,643
6137,1305
6144,618
6155,741
6164,708
6181,754
6196,838
6239,533
6264,940
6292,1008
6299,1063
6300,749
6306,594
6328,570
6352,790
6353,195
6358,1110
6389,593
6394,1429
6398,754
6400,1212
6421,180
6444,1245
6456,1297
6468,724
6486,1417
6510,539
6516,553
6549,313
6552,1052
6563,1045
6574,852
6575,1097
6579,1252
6592,1381
6619,1188
6625,1068
6628,449
6654,438
6661,306
6668,884
6673,1342
6682,1379
6686,129
6714,1368
6725,1088
6732,978
6762,1151
6765,768
6776,209
6780,672
6795,1379
6804,576
6806,431
6818,1131
6819,1414
6870,710
6871,140
6878,1034
6889,444
6916,1316
6929,1197
6948,448
6963,795
6974,223
7066,740
7100,738
7108,436
7111,651
7138,173
7139,949
7145,857
7146,1360
7154,524
7185,1223
7186,771
7239,1155
7244,831
7247,725
7251,432
7273,851
7274,891
7305,740
7309,1013
7328,1117
7345,499
7349,1300
7353,1127
7363,483
7375,1192
7379,393
7391,243
7402,741
7404,401
7425,1366
7427,1327
7437,949
7449,215
7464,1258
7490,188
7554,862
7565,1080
7582,755
7587,466
7590,278
7593,343
7602,1338
7615,284
7631,1195
7633,1194
7645,355
7684,1174
7693,609
7756,1319
7761,121
7780,779
7784,441
7788,1370
7835,269
7837,854
7861,1157
7898,323
7899,782
7913,1161
7931,1154
7937,131
7954,1429
8001,1299
8017,321
8018,485
8026,376
8027,1194
8057,1023
8060,1435
8071,533
8098,1397
8113,1322
8114,456
8120,585
8135,461
8154,177
8161,1045
8182,1089
8213,542
8237,902
8261,1396
8289,671
8304,1008
8316,203
8317,1044
8326,1364
8358,697
8371,1420
8375,393
8387,219
8410,510
8439,1196
8456,726
8478,537
8482,939
8506,948
8539,1281
8567,524
8600,463
8617,1234
8647,1107
8653,111
8673,230
8677,1191
8682,408
8698,264
8712,815
8726,593
8739,864
8747,991
8749,441
8778,1326
8780,302
8799,497
8807,771
8826,931
8829,827
8849,1217
8874,1091
8892,1012
8919,533
8923,950
8973,613
8983,274
9000,757
9028,942
9033,795
9034,716
9043,1177
9050,1440
9090,456
9101,913
9104,300
9122,919
9156,374
9166,1268
9221,895
9241,134
9250,439
9262,441
9304,378
9306,1126
9336,1402
9340,730
9369,849
9371,1418
9381,389
9441,559
9445,1399
9467,212
9475,824
9533,1081
9538,1125
9539,1115
9542,255
9552,303
9586,238
9615,624
9648,1368
9677,152
9686,1419
9693,444
9712,652
9733,597
9758,302
9762,875
9774,970
9802,844
9840,1214
9842,806
9859,852
9862,175
9874,1216
9904,1235
9910,374
9922,376
9946,124
9979,1209
9995,171
10003,602
10006,490
10022,1241
10040,1078
10044,305
10135,576
10137,347
10149,463
10160,701
10172,768
10191,1189
10192,387
10242,1096
10281,1014
10307,554
10310,1319
10313,145
10349,661
10377,741
10427,309
10471,305
10482,1433
10493,1154
10509,644
10523,571
10556,1423
10557,942
10565,1249
10575,1293
10604,762
10611,555
10613,367
10629,283
10641,316
10648,648
10662,1449
10664,576
10707,509
10715,568
10747,567
10757,1432
10776,796
10784,850
10786,891
10807,1235
10814,805
10826,1255
10856,381
10858,437
10861,1035
10868,632
10890,562
10895,910
10898,114
10924,683
10936,1285
10942,638
10965,995
2199023255557,1014
2199023255573,779
2199023255606,131
2199023255629,605
2199023255640,314
2199023255651,363
2199023255666,930
2199023255668,265
2199023255669,1005
2199023255672,1248
2199023255675,1275
2199023255691,534
2199023255731,426
2199023255740,627
2199023255745,385
2199023255756,616
2199023255759,670
2199023255761,475
2199023255776,113
2199023255792,755
2199023255807,597
2199023255823,618
2199023255825,961
2199023255853,586
2199023255889,1250
2199023255900,799
2199023255907,1195
2199023255967,811
2199023255976,159
2199023256003,800
2199023256008,183
2199023256015,1040
2199023256066,1395
2199023256068,1202
2199023256069,522
2199023256087,1110
2199023256103,876
2199023256106,1327
2199023256108,384
2199023256110,1317
2199023256124,706
2199023256130,399
2199023256140,1444
2199023256154,796
2199023256169,1365
2199023256188,347
2199023256191,1338
2199023256201,575
2199023256206,984
2199023256212,1377
2199023256224,1253
2199023256238,1423
2199023256247,192
2199023256307,342
2199023256308,1253
2199023256330,1095
2199023256351,479
2199023256381,1374
2199023256436,362
2199023256440,255
2199023256462,564
2199023256466,1295
2199023256467,765
2199023256479,226
2199023256486,302
2199023256518,1087
2199023256521,929
2199023256536,1120
2199023256539,1266
2199023256574,425
2199023256575,1319
2199023256610,956
2199023256621,1307
2199023256625,778
2199023256642,742
2199023256703,903
2199023256727,825
2199023256738,1094
2199023256770,724
2199023256771,1140
2199023256815,381
2199023256826,1076
2199023256836,1391
2199023256853,1178
2199023256875,189
2199023256915,839
2199023256926,775
2199023256961,1129
2199023256999,894
2199023257011,313
2199023257012,161
2199023257018,118
2199023257035,1126
2199023257076,719
2199023257081,1199
2199023257093,790
2199023257113,204
2199023257152,394
2199023257172,303
2199023257176,1280
2199023257192,179
2199023257203,1045
2199023257206,1109
2199023257223,941
2199023257244,1158
2199023257246,1072
2199023257251,710
2199023257258,558
2199023257272,868
2199023257304,1312
2199023257307,1206
2199023257349,1087
2199023257356,1284
2199023257361,137
2199023257380,534
2199023257396,1376
2199023257397,537
2199023257426,163
2199023257470,1300
2199023257490,446
2199023257594,457
2199023257601,1175
2199023257622,184
2199023257633,1258
2199023257639,890
2199023257653,677
2199023257656,761
2199023257681,169
2199023257807,1289
2199023257850,1285
2199023257858,247
2199023257867,865
2199023257886,900
2199023257908,1409
2199023257984,550
2199023257999,404
2199023258027,543
2199023258064,1211
2199023258085,830
2199023258092,705
2199023258114,277
2199023258115,1047
2199023258134,416
2199023258140,1077
2199023258157,1178
2199023258163,944
2199023258198,562
2199023258199,1000
2199023258216,1347
2199023258226,314
2199023258230,252
2199023258251,733
2199023258256,853
2199023258262,165
2199023258266,668
2199023258285,1379
2199023258367,1367
2199023258370,902
2199023258424,123
2199023258433,1369
2199023258461,643
2199023258473,941
2199023258475,248
2199023258491,366
2199023258506,1026
2199023258508,1352
2199023258563,500
2199023258592,1230
2199023258597,686
2199023258646,671
2199023258669,1245
2199023258695,723
2199023258701,1261
2199023258704,918
2199023258705,152
2199023258717,439
2199023258753,864
2199023258802,1320
2199023258809,1282
2199023258815,405
2199023258833,824
2199023258844,1324
2199023258876,980
2199023258884,431
2199023258889,613
2199023258930,1447
2199023258965,1297
2199023258976,1281
2199023258995,440
2199023258996,1240
2199023258997,289
2199023259005,1331
2199023259027,275
2199023259044,567
2199023259056,199
2199023259060,491
2199023259062,1423
2199023259074,1259
2199023259145,1241
2199023259153,116
2199023259163,1067
2199023259188,361
2199023259194,856
2199023259227,423
2199023259229,250
2199023259249,1428
2199023259253,323
2199023259286,777
2199023259297,1110
2199023259320,229
2199023259331,998
2199023259337,263
2199023259358,1268
2199023259370,1191
2199023259373,826
2199023259378,350
2199023259422,136
2199023259425,1372
2199023259467,1276
2199023259493,1050
2199023259494,1253
2199023259496,508
2199023259532,734
2199023259537,1017
2199023259544,184
2199023259546,499
2199023259552,339
2199023259557,260
2199023259560,1401
2199023259566,517
2199023259625,1116
2199023259627,889
2199023259641,1245
2199023259651,1068
2199023259669,983
2199023259683,505
2199023259697,1263
2199023259699,1053
2199023259725,771
2199023259728,816
2199023259743,1442
2199023259749,496
2199023259793,259
2199023259806,454
2199023259811,384
2199023259835,621
2199023259855,355
2199023259866,555
2199023259874,1172
2199023259897,1299
2199023259915,432
2199023259958,694
2199023259980,1017
2199023259981,146
2199023260042,1169
2199023260051,144
2199023260097,1228
2199023260111,1295
2199023260145,1071
2199023260149,1218
2199023260155,792
2199023260212,843
2199023260232,1151
2199023260237,416
2199023260267,558
2199023260279,803
2199023260301,1197
2199023260364,821
2199023260377,276
2199023260445,349
2199023260477,467
2199023260487,358
2199023260496,255
2199023260507,120
2199023260517,309
2199023260588,1379
2199023260589,893
2199023260592,1432
2199023260593,686
2199023260607,134
2199023260611,549
2199023260631,1061
2199023260638,511
2199023260640,880
2199023260685,1258
2199023260693,268
2199023260698,1142
2199023260699,538
2199023260711,136
2199023260734,1247
2199023260768,1272
2199023260772,297
2199023260790,1075
2199023260795,705
2199023260813,653
2199023260815,440
2199023260821,939
2199023260846,274
2199023260849,152
2199023260856,1248
2199023260862,493
2199023260881,886
2199023260890,1409
2199023260899,200
2199023260922,682
2199023260936,565
2199023260976,852
2199023260994,1017
2199023261007,1175
2199023261021,297
2199023261027,741
2199023261049,274
2199023261061,241
2199023261155,1276
2199023261181,741
2199023261185,607
2199023261193,1382
2199023261194,429
2199023261198,523
2199023261231,1089
2199023261236,864
2199023261263,623
2199023261264,389
2199023261269,665
2199023261275,231
2199023261279,215
2199023261317,759
2199023261320,289
2199023261346,317
2199023261348,983
2199023261391,1278
2199023261398,914
2199023261409,163
2199023261413,297
2199023261415,730
2199023261420,127
2199023261443,866
2199023261502,623
2199023261511,604
2199023261517,531
2199023261520,475
2199023261523,1257
2199023261531,1427
2199023261534,881
2199023261571,430
2199023261587,883
2199023261625,890
2199023261649,150
2199023261660,358
2199023261674,1173
2199023261692,1218
2199023261700,460
2199023261743,955
2199023261775,850
2199023261777,1305
2199023261832,996
2199023261833,290
2199023261845,185
2199023261856,1335
2199023261875,1329
2199023261888,1131
2199023261930,966
2199023261935,916
2199023261943,549
2199023261953,136
2199023261954,321
2199023261959,1101
2199023261968,1170
2199023261970,329
2199023261979,1099
2199023261999,1249
2199023262001,917
2199023262010,325
2199023262040,419
2199023262063,420
2199023262085,376
2199023262094,1284
2199023262112,765
2199023262123,1452
2199023262137,228
2199023262165,1204
2199023262172,682
2199023262183,619
2199023262209,284
2199023262374,1378
2199023262377,1129
2199023262426,412
2199023262438,1252
2199023262460,1269
2199023262461,312
2199023262470,428
2199023262487,1353
2199023262510,191
2199023262525,658
2199023262528,365
2199023262579,705
2199023262580,1069
2199023262590,1256
2199023262615,1394
2199023262617,1247
2199023262639,594
2199023262644,746
2199023262647,787
2199023262673,178
2199023262699,873
2199023262708,186
2199023262718,533
2199023262722,450
2199023262746,754
2199023262750,727
2199023262798,745
2199023262836,378
2199023262854,1356
2199023262874,1139
2199023262891,834
2199023262916,1138
2199023262937,474
2199023263014,949
2199023263027,828
2199023263029,753
2199023263046,177
2199023263058,992
2199023263072,665
2199023263092,771
2199023263094,1155
2199023263101,875
2199023263150,606
2199023263162,752
2199023263186,212
2199023263200,201
2199023263220,1386
2199023263285,692
2199023263286,831
2199023263300,799
2199023263342,257
2199023263360,1077
2199023263364,197
2199023263383,1068
2199023263405,821
2199023263408,1279
2199023263440,1372
2199023263487,742
2199023263494,874
2199023263533,1420
2199023263558,467
2199023263560,1387
2199023263582,621
2199023263600,1065
2199023263634,1300
2199023263676,460
2199023263698,297
2199023263719,252
2199023263724,543
2199023263726,1165
2199023263756,425
2199023263762,1168
2199023263783,817
2199023263793,265
2199023263805,929
2199023263810,1375
2199023263816,831
2199023263840,822
2199023263846,1412
2199023263847,799
2199023263884,1023
2199023263894,785
2199023263911,712
2199023263915,366
2199023263918,762
2199023263921,598
2199023263932,361
2199023263961,1085
2199023263973,873
2199023263990,329
2199023263996,778
2199023264003,1139
2199023264013,1192
2199023264095,1027
2199023264104,1165
2199023264126,1085
2199023264171,882
2199023264173,198
2199023264195,117
2199023264226,1229
2199023264242,1222
2199023264243,1289
2199023264259,1238
2199023264276,241
2199023264336,392
2199023264340,1419
2199023264344,219
2199023264350,181
2199023264362,1415
2199023264379,758
2199023264382,1321
2199023264386,1109
2199023264435,1312
2199023264445,281
2199023264449,569
2199023264462,1398
2199023264490,1276
2199023264523,1287
2199023264526,449
2199023264541,1055
2199023264546,228
2199023264575,980
2199023264591,963
2199023264600,1368
2199023264658,1381
2199023264681,794
2199023264696,699
2199023264699,1417
2199023264710,283
2199023264744,488
2199023264745,465
2199023264751,1249
2199023264763,857
2199023264767,480
2199023264782,1121
2199023264790,1185
2199023264791,571
2199023264794,116
2199023264805,870
2199023264826,619
2199023264829,599
2199023264845,889
2199023264850,1308
2199023264855,1139
2199023264857,329
2199023264859,768
2199023264875,1125
2199023264887,1083
2199023264940,1020
2199023264975,1449
2199023264980,963
2199023264989,591
2199023265041,254
2199023265046,521
2199023265050,1124
2199023265054,1282
2199023265057,1424
2199023265060,1314
2199023265070,1010
2199023265089,1251
2199023265112,1151
2199023265146,1303
2199023265159,213
2199023265196,900
2199023265197,468
2199023265212,1239
2199023265218,1434
2199023265221,524
2199023265231,404
2199023265236,208
2199023265271,955
2199023265325,266
2199023265344,772
2199023265372,951
2199023265393,1107
2199023265397,171
2199023265402,429
2199023265431,765
2199023265453,748
2199023265455,144
2199023265458,1113
2199023265472,1347
2199023265475,153
2199023265485,698
2199023265489,750
2199023265513,581
2199023265526,488
2199023265539,214
2199023265564,322
2199023265585,1427
2199023265629,1392
2199023265630,469
2199023265672,200
2199023265692,1395
2199023265723,809
2199023265733,228
2199023265765,1409
2199023265774,1342
2199023265789,864
2199023265812,1072
2199023265851,295
2199023265868,1109
2199023265878,420
2199023265887,1100
2199023265898,287
2199023265902,585
2199023265938,847
2199023265941,738
2199023265942,843
2199023265951,380
2199023265966,294
2199023265970,402
2199023266020,743
2199023266066,438
2199023266089,542
2199023266116,507
2199023266146,785
2199023266159,1395
2199023266161,822
2199023266169,690
2199023266171,1000
2199023266175,842
2199023266207,1259
2199023266209,1202
2199023266225,1266
2199023266253,1339
2199023266265,965
2199023266269,1088
2199023266304,436
2199023266340,1098
2199023266376,964
2199023266386,570
2199023266405,709
2199023266414,276
2199023266423,1445
2199023266444,604
2199023266478,339
2199023266479,1254
2199023266485,342
2199023266489,1086
2199023266493,306
4398046511148,841
4398046511161,698
4398046511202,137
4398046511213,190
4398046511238,1259
4398046511252,436
4398046511273,190
4398046511282,1215
4398046511291,656
4398046511304,300
4398046511316,1414
4398046511335,764
4398046511338,535
4398046511349,1300
4398046511378,746
4398046511381,1105
4398046511386,1197
4398046511391,1110
4398046511401,1010
4398046511410,426
4398046511460,626
4398046511463,567
4398046511473,415
4398046511479,912
4398046511484,1413
4398046511490,522
4398046511511,798
4398046511513,167
4398046511545,403
4398046511579,857
4398046511606,1055
4398046511622,1084
4398046511664,1394
4398046511680,992
4398046511700,1105
4398046511722,295
4398046511732,669
4398046511737,487
4398046511744,972
4398046511775,1003
4398046511868,564
4398046511886,884
4398046511934,267
4398046511962,1156
4398046511987,451
4398046512000,913
4398046512039,1377
4398046512041,911
4398046512072,321
4398046512095,330
4398046512134,511
4398046512149,588
4398046512190,570
4398046512195,1015
4398046512214,391
4398046512215,765
4398046512216,711
4398046512258,206
4398046512280,1176
4398046512343,955
4398046512352,662
4398046512357,599
4398046512362,414
4398046512363,525
4398046512365,571
4398046512370,126
4398046512379,1423
4398046512385,367
4398046512397,124
4398046512415,1273
4398046512428,296
4398046512439,604
4398046512444,588
4398046512453,801
4398046512455,1425
4398046512485,528
4398046512500,269
4398046512501,422
4398046512511,1452
4398046512527,612
4398046512536,254
4398046512547,1175
4398046512562,348
4398046512569,493
4398046512578,1288
4398046512579,1385
4398046512589,1302
4398046512623,266
4398046512632,219
4398046512650,573
4398046512662,1004
4398046512668,567
4398046512674,1380
4398046512680,393
4398046512698,1014
4398046512729,968
4398046512731,1055
4398046512735,819
4398046512747,1141
4398046512784,947
4398046512786,532
4398046512797,1150
4398046512801,128
4398046512806,930
4398046512819,938
4398046512836,942
4398046512838,802
4398046512845,485
4398046512873,1121
4398046512897,1349
4398046512927,894
4398046512930,1195
4398046512960,353
4398046512971,676
4398046513016,236
4398046513020,639
4398046513033,608
4398046513036,342
4398046513040,208
4398046513047,654
4398046513051,1222
4398046513067,643
4398046513077,784
4398046513116,1170
4398046513126,725
4398046513128,1428
4398046513157,544
4398046513168,946
4398046513178,393
4398046513289,1016
4398046513296,620
4398046513315,389
4398046513317,1223
4398046513349,1189
4398046513367,1243
4398046513385,720
4398046513395,286
4398046513430,1168
4398046513432,441
4398046513439,1362
4398046513442,1393
4398046513445,925
4398046513446,940
4398046513473,934
4398046513480,1208
4398046513483,541
4398046513491,328
4398046513502,1345
4398046513538,1143
4398046513544,1017
4398046513564,559
4398046513568,428
4398046513640,1018
4398046513655,473
4398046513670,251
4398046513683,1261
4398046513698,983
4398046513747,1297
4398046513755,802
4398046513767,1061
4398046513802,864
4398046513829,979
4398046513838,908
4398046513909,309
4398046513934,1333
4398046513937,422
4398046513986,909
4398046513988,1284
4398046513994,959
4398046514021,678
4398046514036,478
4398046514037,373
4398046514100,604
4398046514104,180
4398046514110,487
4398046514114,1356
4398046514135,718
4398046514165,819
4398046514176,453
4398046514194,617
4398046514203,1064
4398046514231,1216
4398046514254,1421
4398046514281,990
4398046514298,1246
4398046514321,1127
4398046514349,1302
4398046514356,937
4398046514382,810
4398046514388,1277
4398046514413,723
4398046514415,1351
4398046514429,759
4398046514433,1210
4398046514439,292
4398046514464,1325
4398046514467,217
4398046514495,853
4398046514569,536
4398046514572,954
4398046514662,1008
4398046514714,841
4398046514739,717
4398046514751,1192
4398046514782,818
4398046514784,718
4398046514787,381
4398046514797,777
4398046514800,996
4398046514822,140
4398046514840,1338
4398046514859,1296
4398046514865,789
4398046514874,819
4398046514898,1367
4398046514937,644
4398046514958,890
4398046514965,1378
4398046514971,525
4398046514980,292
4398046515006,1278
4398046515025,256
4398046515040,743
4398046515058,624
4398046515078,521
4398046515113,1453
4398046515191,428
4398046515192,558
4398046515220,998
4398046515272,835
4398046515283,794
4398046515338,493
4398046515356,822
4398046515365,1393
4398046515369,148
4398046515374,854
4398046515379,1052
4398046515384,1108
4398046515398,364
4398046515400,364
4398046515411,638
4398046515425,1412
4398046515495,503
4398046515526,1141
4398046515538,1035
4398046515547,1139
4398046515583,149
4398046515597,938
4398046515598,522
4398046515610,583
4398046515613,1319
4398046515627,1391
4398046515630,657
4398046515644,929
4398046515653,1105
4398046515696,1241
4398046515719,933
4398046515723,997
4398046515733,894
4398046515743,846
4398046515753,1187
4398046515762,368
4398046515777,666
4398046515788,374
4398046515804,837
4398046515809,951
4398046515843,696
4398046515849,928
4398046515898,518
4398046515908,1203
4398046515912,1191
4398046515917,1187
4398046515920,1375
4398046515928,1423
4398046515935,379
4398046515941,531
4398046515963,777
4398046515986,423
4398046515987,586
4398046516025,1354
4398046516032,1244
4398046516046,550
4398046516058,213
4398046516063,1029
4398046516093,121
4398046516137,307
4398046516139,1395
4398046516158,462
4398046516200,696
4398046516202,1260
4398046516215,799
4398046516216,1245
4398046516225,1146
4398046516362,361
4398046516386,1125
4398046516392,972
4398046516402,151
4398046516411,327
4398046516413,1258
4398046516419,1253
4398046516430,151
4398046516432,892
4398046516434,806
4398046516444,141
4398046516485,750
4398046516490,516
4398046516492,1055
4398046516545,724
4398046516554,1237
4398046516590,486
4398046516596,1219
4398046516629,426
4398046516633,1253
4398046516648,583
4398046516661,408
4398046516668,918
4398046516674,741
4398046516685,877
4398046516688,137
4398046516697,1220
4398046516763,1027
4398046516767,578
4398046516769,748
4398046516776,824
4398046516785,625
4398046516808,1000
4398046516814,1287
4398046516877,422
4398046516880,613
4398046516901,877
4398046516914,309
4398046516964,244
4398046516981,1360
4398046517010,152
4398046517016,132
4398046517024,1144
4398046517029,841
4398046517043,863
4398046517061,400
4398046517067,1316
4398046517101,384
4398046517111,785
4398046517129,617
4398046517166,177
4398046517171,877
4398046517189,449
4398046517200,214
4398046517216,1193
4398046517220,509
4398046517253,1217
4398046517258,1289
4398046517288,1172
4398046517293,848
4398046517297,1286
4398046517334,913
4398046517335,302
4398046517371,820
4398046517383,996
4398046517418,889
4398046517420,846
4398046517425,775
4398046517444,688
4398046517449,408
4398046517450,187
4398046517466,1164
4398046517503,225
4398046517533,920
4398046517540,278
4398046517544,715
4398046517554,501
4398046517568,641
4398046517570,1057
4398046517605,1324
4398046517617,1193
4398046517628,949
4398046517652,1141
4398046517666,796
4398046517676,916
4398046517707,1116
4398046517753,598
4398046517760,420
4398046517769,798
4398046517781,663
4398046517801,339
4398046517816,786
4398046517832,242
4398046517846,1439
4398046517875,570
4398046517881,1143
4398046517886,1428
4398046517894,504
4398046517905,1399
4398046517909,229
4398046517968,432
4398046517981,412
4398046518002,411
4398046518009,1164
4398046518015,848
4398046518021,994
4398046518031,1370
4398046518038,836
4398046518040,382
4398046518058,1034
4398046518079,1275
4398046518085,546
4398046518099,1021
4398046518100,1146
4398046518103,286
4398046518107,564
4398046518206,1342
4398046518207,743
4398046518217,1102
4398046518277,609
4398046518280,1188
4398046518297,1069
4398046518312,1076
4398046518342,223
4398046518362,1159
4398046518364,1438
4398046518383,702
4398046518392,1218
4398046518396,333
4398046518403,159
4398046518418,464
4398046518419,923
4398046518427,1062
4398046518431,595
4398046518477,395
4398046518478,876
4398046518484,695
4398046518492,608
4398046518518,1166
4398046518534,209
4398046518543,1327
4398046518544,1397
4398046518561,409
4398046518589,928
4398046518625,339
4398046518680,907
4398046518712,1379
4398046518732,283
4398046518745,1261
4398046518762,241
4398046518779,1177
4398046518801,462
4398046518830,1255
4398046518897,990
4398046518909,494
4398046518921,601
4398046518967,1281
4398046518977,828
4398046518997,118
4398046518999,708
4398046519025,1106
4398046519052,770
4398046519129,198
4398046519143,708
4398046519190,1342
4398046519211,1029
4398046519213,1082
4398046519222,215
4398046519225,1091
4398046519227,1040
4398046519243,1280
4398046519264,1326
4398046519281,773
4398046519310,850
4398046519313,1366
4398046519328,422
4398046519329,385
4398046519404,189
4398046519429,1117
4398046519431,605
4398046519441,1154
4398046519464,1220
4398046519469,816
4398046519471,1064
4398046519492,241
4398046519516,637
4398046519545,942
4398046519550,1147
4398046519574,1380
4398046519604,765
4398046519624,703
4398046519625,1246
4398046519642,1006
4398046519664,696
4398046519684,489
4398046519708,308
4398046519731,580
4398046519737,359
4398046519739,506
4398046519779,1021
4398046519782,1067
4398046519791,254
4398046519825,672
4398046519866,491
4398046519871,153
4398046519890,1377
4398046519912,195
4398046519918,285
4398046519945,446
4398046519949,156
4398046519950,214
4398046519964,227
4398046519970,1254
4398046519972,1187
4398046519985,171
4398046519995,890
4398046520026,199
4398046520059,993
4398046520094,606
4398046520108,1214
4398046520134,471
4398046520135,900
4398046520252,994
4398046520256,154
4398046520273,313
4398046520278,805
4398046520309,923
4398046520310,1036
4398046520312,419
4398046520322,710
4398046520360,436
4398046520361,214
4398046520363,319
4398046520371,282
4398046520382,707
4398046520395,605
4398046520406,901
4398046520414,386
4398046520433,955
4398046520437,623
4398046520441,1104
4398046520446,1323
4398046520484,385
4398046520497,309
4398046520505,117
4398046520552,393
4398046520553,696
4398046520615,1314
4398046520636,853
4398046520658,1289
4398046520667,1044
4398046520672,731
4398046520685,881
4398046520686,743
4398046520701,1054
4398046520713,355
4398046520714,904
4398046520779,474
4398046520786,168
4398046520836,976
4398046520852,348
4398046520855,207
4398046520857,117
4398046520858,464
4398046520876,1111
4398046520890,425
4398046520947,670
4398046520953,1315
4398046520995,644
4398046521002,833
4398046521004,981
4398046521011,1453
4398046521031,1437
4398046521049,838
4398046521053,967
4398046521066,543
4398046521068,341
4398046521089,742
4398046521109,1271
4398046521114,684
4398046521115,320
4398046521136,1187
4398046521141,296
4398046521153,409
4398046521177,183
4398046521185,1374
4398046521197,438
4398046521216,461
4398046521222,816
4398046521265,540
4398046521327,170
4398046521350,698
4398046521378,1086
4398046521380,722
4398046521386,240
4398046521401,1017
4398046521408,967
4398046521429,764
4398046521437,1055
4398046521444,333
4398046521464,1354
4398046521478,1146
4398046521500,796
4398046521501,148
4398046521505,1094
4398046521507,831
4398046521516,1385
4398046521529,399
4398046521552,883
4398046521583,1222
4398046521593,549
4398046521630,1404
4398046521633,1268
4398046521653,916
4398046521682,458
4398046521693,1202
4398046521694,813
4398046521703,304
4398046521748,667
4398046521780,1261
4398046521781,956
4398046521801,987
4398046521853,522
4398046521914,879
4398046521917,166
4398046521925,1194
4398046521933,1201
4398046521940,1026
4398046521941,334
4398046521945,406
4398046521973,1355
4398046521984,835
4398046521986,1273
4398046521993,777
4398046522008,1342
4398046522012,1354
4398046522020,624
4398046522027,1151
4398046522033,195
4398046522059,257
6597069766699,148
6597069766701,1264
6597069766725,695
6597069766750,135
6597069766768,139
6597069766771,445
6597069766821,126
6597069766824,1162
6597069766831,425
6597069766845,484
6597069766846,958
6597069766853,1401
6597069766879,163
6597069766921,1385
6597069766941,980
6597069766956,241
6597069766973,1262
6597069766989,1145
6597069766996,307
6597069767000,867
6597069767023,180
6597069767024,1304
6597069767028,1222
6597069767030,570
6597069767045,745
6597069767047,621
6597069767053,963
6597069767077,1430
6597069767094,1019
6597069767124,1385
6597069767140,1052
6597069767178,240
6597069767181,1266
6597069767198,1128
6597069767222,1444
6597069767227,1047
6597069767279,210
6597069767298,599
6597069767319,216
6597069767336,819
6597069767341,1312
6597069767404,1033
6597069767410,252
6597069767437,1348
6597069767472,340
6597069767496,750
6597069767519,1143
6597069767542,358
6597069767592,1203
6597069767602,139
6597069767645,378
6597069767662,218
6597069767682,919
6597069767712,421
6597069767748,232
6597069767750,994
6597069767756,759
6597069767758,1053
6597069767763,294
6597069767765,964
6597069767787,282
6597069767791,772
6597069767852,1440
6597069767858,432
6597069767877,262
6597069767905,1434
6597069767925,133
6597069767941,188
6597069767964,576
6597069767973,446
6597069767976,1084
6597069767981,504
6597069767997,781
6597069768016,769
6597069768018,186
6597069768025,620
6597069768026,494
6597069768073,961
6597069768076,885
6597069768083,1338
6597069768101,1153
6597069768135,509
6597069768147,537
6597069768162,795
6597069768164,1060
6597069768174,376
6597069768204,726
6597069768218,625
6597069768228,199
6597069768229,528
6597069768258,622
6597069768267,888
6597069768291,1267
6597069768319,1443
6597069768330,1364
6597069768340,211
6597069768341,219
6597069768344,1386
6597069768368,331
6597069768442,133
6597069768541,977
6597069768550,656
6597069768560,1098
6597069768596,334
6597069768638,959
6597069768654,640
6597069768665,1062
6597069768666,596
6597069768686,732
6597069768846,1075
6597069768854,1021
6597069768898,1291
6597069768899,223
6597069768905,786
6597069768935,690
6597069768950,553
6597069768955,136
6597069768988,213
6597069769027,630
6597069769039,573
6597069769045,544
6597069769047,1326
6597069769052,1271
6597069769056,852
6597069769057,258
6597069769061,1297
6597069769064,1131
6597069769085,1343
6597069769115,1123
6597069769134,1206
6597069769140,1302
6597069769154,1383
6597069769160,1013
6597069769211,1420
6597069769230,1420
6597069769236,1407
6597069769245,1114
6597069769249,1130
6597069769254,225
6597069769271,708
6597069769296,397
6597069769329,1028
6597069769336,850
6597069769383,509
6597069769395,980
6597069769406,563
6597069769432,216
6597069769433,728
6597069769436,997
6597069769446,658
6597069769448,1023
6597069769453,1360
6597069769480,1121
6597069769502,704
6597069769505,296
6597069769506,674
6597069769521,291
6597069769534,1386
6597069769566,456
6597069769591,858
6597069769603,161
6597069769625,687
6597069769633,1393
6597069769634,902
6597069769663,299
6597069769684,1119
6597069769686,863
6597069769699,312
6597069769778,967
6597069769811,988
6597069769816,1398
6597069769862,391
6597069769872,1192
6597069769945,829
6597069769970,1188
6597069770005,738
6597069770021,1163
6597069770085,1423
6597069770088,933
6597069770133,1194
6597069770147,271
6597069770155,948
6597069770216,519
6597069770217,1144
6597069770218,139
6597069770229,1085
6597069770240,1062
6597069770243,1104
6597069770252,1107
6597069770262,1381
6597069770269,714
6597069770279,966
6597069770287,147
6597069770310,1401
6597069770322,1330
6597069770328,1127
6597069770337,824
6597069770387,921
6597069770415,572
6597069770420,791
6597069770425,626
6597069770438,1358
6597069770458,1125
6597069770461,134
6597069770479,752
6597069770486,1390
6597069770494,1378
6597069770521,1090
6597069770543,558
6597069770545,798
6597069770556,1007
6597069770566,141
6597069770569,283
6597069770579,356
6597069770601,815
6597069770602,284
6597069770640,1012
6597069770645,1013
6597069770651,246
6597069770686,1314
6597069770696,1232
6597069770709,1222
6597069770739,650
6597069770757,872
6597069770764,1421
6597069770780,1321
6597069770790,999
6597069770818,226
6597069770822,1387
6597069770843,1044
6597069770852,1337
6597069770930,1267
6597069770934,618
6597069770945,1405
6597069770954,456
6597069770960,1175
6597069770986,247
6597069770995,760
6597069771007,1209
6597069771079,1319
6597069771100,1167
6597069771103,1103
6597069771115,219
6597069771123,1327
6597069771139,667
6597069771157,830
6597069771161,205
6597069771171,1313
6597069771195,520
6597069771198,633
6597069771209,1352
6597069771225,147
6597069771254,206
6597069771304,1095
6597069771347,447
6597069771350,1023
6597069771352,1312
6597069771364,280
6597069771394,281
6597069771425,978
6597069771431,287
6597069771454,321
6597069771455,1046
6597069771465,593
6597069771537,1113
6597069771558,208
6597069771580,178
6597069771601,1053
6597069771644,438
6597069771646,591
6597069771658,153
6597069771660,691
6597069771665,1254
6597069771666,337
6597069771672,1319
6597069771706,397
6597069771709,492
6597069771723,1135
6597069771739,113
6597069771745,479
6597069771772,262
6597069771773,1268
6597069771799,495
6597069771817,550
6597069771824,1123
6597069771878,145
6597069771891,494
6597069771895,342
6597069771911,1375
6597069771930,226
6597069771943,766
6597069771958,932
6597069771967,661
6597069771972,1085
6597069772021,724
6597069772027,1368
6597069772041,1044
6597069772053,381
6597069772062,1047
6597069772069,820
6597069772072,573
6597069772091,1219
6597069772146,399
6597069772163,547
6597069772191,1376
6597069772252,460
6597069772286,303
6597069772311,811
6597069772324,720
6597069772325,599
6597069772339,758
6597069772371,1113
6597069772392,554
6597069772393,1398
6597069772425,1214
6597069772483,656
6597069772488,1241
6597069772510,1090
6597069772545,831
6597069772554,1444
6597069772556,463
6597069772560,585
6597069772570,424
6597069772579,945
6597069772592,1395
6597069772625,1351
6597069772630,212
6597069772683,721
6597069772699,1121
6597069772720,724
6597069772724,816
6597069772738,577
6597069772767,599
6597069772769,353
6597069772773,914
6597069772782,1207
6597069772839,720
6597069772864,1276
6597069772904,497
6597069772967,1363
6597069772982,885
6597069773004,916
6597069773012,292
6597069773019,704
6597069773020,205
6597069773053,174
6597069773059,779
6597069773073,779
6597069773094,640
6597069773095,135
6597069773107,965
6597069773119,920
6597069773131,418
6597069773138,1417
6597069773163,1361
6597069773164,1162
6597069773193,767
6597069773239,1068
6597069773280,730
6597069773288,1396
6597069773303,810
6597069773327,1238
6597069773330,693
6597069773337,1401
6597069773367,631
6597069773375,681
6597069773376,691
6597069773383,558
6597069773387,161
6597069773428,1001
6597069773431,981
6597069773452,962
6597069773483,449
6597069773566,798
6597069773569,1017
6597069773576,1071
6597069773589,526
6597069773599,193
6597069773602,1270
6597069773611,789
6597069773627,871
6597069773639,136
6597069773645,1014
6597069773646,960
6597069773673,727
6597069773677,1191
6597069773678,710
6597069773695,416
6597069773723,1154
6597069773776,818
6597069773778,1044
6597069773784,1339
6597069773793,317
6597069773796,735
6597069773827,1394
6597069773910,568
6597069773920,893
6597069773923,234
6597069773946,1265
6597069773967,1244
6597069774007,673
6597069774032,804
6597069774061,1407
6597069774064,786
6597069774067,600
6597069774102,517
6597069774109,1058
6597069774128,963
6597069774159,888
6597069774190,589
6597069774192,611
6597069774222,1150
6597069774223,1315
6597069774261,314
6597069774269,1274
6597069774280,728
6597069774326,1419
6597069774335,753
6597069774378,1021
6597069774399,1308
6597069774403,854
6597069774469,814
6597069774477,448
6597069774500,1264
6597069774503,1032
6597069774507,850
6597069774508,299
6597069774528,303
6597069774536,1156
6597069774537,1143
6597069774548,270
6597069774582,826
6597069774600,306
6597069774608,702
6597069774613,537
6597069774636,997
6597069774644,448
6597069774660,1017
6597069774672,608
6597069774707,445
6597069774712,554
6597069774725,488
6597069774737,319
6597069774744,1386
6597069774747,1199
6597069774750,1310
6597069774812,867
6597069774813,361
6597069774821,671
6597069774825,1259
6597069774827,1121
6597069774837,592
6597069774840,1232
6597069774873,1187
6597069774882,1421
6597069774885,1050
6597069774915,510
6597069774955,1071
6597069774962,831
6597069774970,645
6597069774986,1021
6597069775034,780
6597069775040,1165
6597069775042,1154
6597069775049,484
6597069775058,361
6597069775073,980
6597069775096,277
6597069775106,478
6597069775125,947
6597069775158,1337
6597069775175,524
6597069775204,481
6597069775211,798
6597069775228,176
6597069775240,1293
6597069775257,992
6597069775262,587
6597069775278,771
6597069775288,1101
6597069775301,933
6597069775313,1090
6597069775317,375
6597069775339,326
6597069775344,960
6597069775364,719
6597069775369,1023
6597069775384,220
6597069775406,594
6597069775408,1128
6597069775460,1207
6597069775474,500
6597069775480,803
6597069775492,850
6597069775509,512
6597069775533,1040
6597069775546,1309
6597069775554,523
6597069775557,1238
6597069775596,1025
6597069775637,953
6597069775657,867
6597069775675,173
6597069775683,1379
6597069775696,1369
6597069775731,461
6597069775747,1080
6597069775759,758
6597069775770,1033
6597069775831,827
6597069775869,197
6597069775956,429
6597069775999,617
6597069776038,1186
6597069776055,184
6597069776056,956
6597069776075,837
6597069776126,379
6597069776168,1447
6597069776180,409
6597069776199,873
6597069776212,1277
6597069776217,420
6597069776255,1352
6597069776268,476
6597069776281,1220
6597069776292,1113
6597069776293,751
6597069776343,398
6597069776348,974
6597069776358,328
6597069776359,658
6597069776365,870
6597069776369,879
6597069776372,993
6597069776380,973
6597069776398,913
6597069776416,831
6597069776433,551
6597069776441,690
6597069776446,1109
6597069776460,857
6597069776475,1171
6597069776480,873
6597069776492,863
6597069776527,1204
6597069776551,1257
6597069776584,1427
6597069776619,1104
6597069776656,309
6597069776679,926
6597069776698,1451
6597069776727,452
6597069776728,222
6597069776760,1317
6597069776777,196
6597069776826,744
6597069776853,367
6597069776867,1259
6597069776882,240
6597069776896,652
6597069776929,899
6597069776944,240
6597069776949,1160
6597069776961,945
6597069776978,1139
6597069776987,343
6597069776988,324
6597069777009,778
6597069777011,666
6597069777022,712
6597069777051,1131
6597069777069,363
6597069777093,1157
6597069777109,1140
6597069777140,1197
6597069777150,592
6597069777160,1403
6597069777173,984
6597069777203,1417
6597069777223,1106
6597069777249,639
6597069777276,952
6597069777327,1388
6597069777336,1432
6597069777342,694
6597069777359,535
6597069777399,426
6597069777422,773
6597069777441,277
6597069777508,1109
6597069777513,1205
6597069777534,299
6597069777557,868
6597069777565,824
6597069777584,845
6597069777588,665
6597069777590,755
6597069777629,523
6597069777641,170
6597069777650,935
8796093022238,1369
8796093022269,1080
8796093022275,801
8796093022281,442
8796093022294,725
8796093022330,307
8796093022364,1416
8796093022378,593
8796093022380,557
8796093022416,1438
8796093022424,801
8796093022456,1345
8796093022477,640
8796093022520,398
8796093022521,866
8796093022536,1392
8796093022546,661
8796093022554,1331
8796093022557,1041
8796093022574,1438
8796093022657,821
8796093022681,1324
8796093022707,293
8796093022717,1054
8796093022739,599
8796093022752,815
8796093022755,1289
8796093022830,1211
8796093022875,1368
8796093022909,525
8796093022920,946
8796093022927,979
8796093022955,174
8796093022968,643
8796093022985,1447
8796093023008,846
8796093023031,1050
8796093023042,636
8796093023044,592
8796093023046,932
8796093023054,199
8796093023078,1142
8796093023082,1425
8796093023086,1292
8796093023140,590
8796093023193,248
8796093023198,477
8796093023201,413
8796093023211,1216
8796093023235,1082
8796093023260,1318
8796093023278,672
8796093023283,504
8796093023286,257
8796093023296,930
8796093023326,254
8796093023336,200
8796093023368,927
8796093023397,1209
8796093023415,1104
8796093023432,236
8796093023444,477
8796093023468,1327
8796093023472,111
8796093023485,363
8796093023490,1190
8796093023499,564
8796093023541,949
8796093023564,1313
8796093023567,1367
8796093023569,353
8796093023579,876
8796093023623,783
8796093023626,1051
8796093023643,902
8796093023645,611
8796093023660,410
8796093023690,969
8796093023697,756
8796093023740,582
8796093023774,185
8796093023792,117
8796093023811,311
8796093023818,381
8796093023823,684
8796093023857,1364
8796093023873,818
8796093023875,1318
8796093023881,1249
8796093023884,409
8796093023886,310
8796093023908,805
8796093023939,1258
8796093023948,1348
8796093023952,1012
8796093023990,937
8796093024002,455
8796093024004,1262
8796093024008,491
8796093024015,713
8796093024035,1300
8796093024055,277
8796093024056,821
8796093024058,889
8796093024066,452
8796093024071,757
8796093024106,1204
8796093024108,1082
8796093024109,1370
8796093024128,515
8796093024152,1076
8796093024163,1211
8796093024188,129
8796093024189,480
8796093024199,1046
8796093024201,256
8796093024204,606
8796093024215,819
8796093024246,250
8796093024263,424
8796093024269,1328
8796093024271,865
8796093024275,1422
8796093024300,869
8796093024314,778
8796093024338,717
8796093024357,277
8796093024358,1220
8796093024361,199
8796093024380,310
8796093024438,1304
8796093024509,495
8796093024515,848
8796093024517,1210
8796093024531,1112
8796093024568,760
8796093024571,615
8796093024575,528
8796093024610,861
8796093024660,1166
8796093024673,1232
8796093024677,599
8796093024685,460
8796093024702,524
8796093024705,713
8796093024710,1245
8796093024714,616
8796093024732,296
8796093024736,854
8796093024780,1431
8796093024781,1184
8796093024829,458
8796093024840,1099
8796093024986,355
8796093024989,265
8796093024997,1132
8796093025002,693
8796093025017,437
8796093025044,1081
8796093025053,1377
8796093025066,927
8796093025174,1059
8796093025202,1261
8796093025216,752
8796093025246,1108
8796093025259,436
8796093025270,937
8796093025274,489
8796093025279,474
8796093025294,1005
8796093025295,1063
8796093025312,258
8796093025323,235
8796093025329,1326
8796093025344,1238
8796093025362,186
8796093025381,910
8796093025392,524
8796093025399,1321
8796093025411,643
8796093025420,1046
8796093025434,1295
8796093025467,890
8796093025473,1162
8796093025476,1387
8796093025502,1330
8796093025523,1198
8796093025544,1400
8796093025567,1217
8796093025604,449
8796093025610,750
8796093025613,1244
8796093025642,1297
8796093025657,1317
8796093025662,458
8796093025677,744
8796093025681,985
8796093025693,640
8796093025702,1131
8796093025775,846
8796093025803,922
8796093025810,816
8796093025826,335
8796093025851,909
8796093025877,933
8796093025922,266
8796093025960,606
8796093025982,968
8796093025992,809
8796093025995,238
8796093026012,1022
8796093026049,502
8796093026100,1115
8796093026165,1352
8796093026176,370
8796093026181,1309
8796093026211,499
8796093026214,1080
8796093026223,256
8796093026235,534
8796093026260,805
8796093026263,1424
8796093026265,344
8796093026270,466
8796093026279,399
8796093026300,155
8796093026323,1063
8796093026327,242
8796093026336,1048
8796093026351,942
8796093026366,995
8796093026373,1151
8796093026386,266
8796093026397,811
8796093026421,268
8796093026426,843
8796093026457,934
8796093026468,1355
8796093026485,1442
8796093026505,220
8796093026562,623
8796093026568,973
8796093026583,933
8796093026611,280
8796093026612,737
8796093026673,499
8796093026684,1362
8796093026712,895
8796093026733,1257
8796093026743,365
8796093026744,1363
8796093026782,431
8796093026785,116
8796093026802,1299
8796093026846,1122
8796093026854,1195
8796093026855,1147
8796093026865,503
8796093026921,1342
8796093026925,1426
8796093026952,518
8796093026972,1206
8796093026978,439
8796093026995,609
8796093026997,303
8796093027022,1074
8796093027034,504
8796093027051,303
8796093027052,1187
8796093027053,280
8796093027059,765
8796093027066,745
8796093027068,535
8796093027072,1422
8796093027094,159
8796093027113,259
8796093027127,333
8796093027135,280
8796093027147,722
8796093027159,842
8796093027199,416
8796093027270,339
8796093027283,1278
8796093027299,1101
8796093027315,675
8796093027317,202
8796093027322,417
8796093027330,148
8796093027342,517
8796093027350,1216
8796093027370,1444
8796093027406,858
8796093027450,1408
8796093027479,524
8796093027504,574
8796093027568,950
8796093027628,1160
8796093027633,651
8796093027685,1040
8796093027735,539
8796093027747,133
8796093027751,1243
8796093027770,1332
8796093027781,941
8796093027820,574
8796093027822,942
8796093027826,1368
8796093027843,544
8796093027868,1307
8796093027875,195
8796093027906,961
8796093027955,746
8796093027965,816
8796093027986,1099
8796093027994,983
8796093028026,536
8796093028037,1129
8796093028043,537
8796093028050,240
8796093028080,1308
8796093028083,569
8796093028095,986
8796093028126,1210
8796093028142,1160
8796093028152,1065
8796093028153,747
8796093028161,413
8796093028172,222
8796093028192,1363
8796093028238,811
8796093028247,476
8796093028252,343
8796093028265,1307
8796093028274,603
8796093028301,995
8796093028333,987
8796093028377,680
8796093028378,872
8796093028380,635
8796093028387,1070
8796093028449,382
8796093028466,542
8796093028469,1351
8796093028478,1104
8796093028497,859
8796093028549,143
8796093028581,573
8796093028585,753
8796093028667,224
8796093028700,1333
8796093028727,251
8796093028781,781
8796093028790,314
8796093028795,1189
8796093028825,390
8796093028846,140
8796093028868,1285
8796093028896,1185
8796093028941,1132
8796093028967,299
8796093028975,1073
8796093028986,1444
8796093029041,1445
8796093029070,741
8796093029074,1302
8796093029105,819
8796093029136,1234
8796093029158,1332
8796093029178,1384
8796093029186,680
8796093029190,316
8796093029195,730
8796093029201,1373
8796093029208,1157
8796093029209,596
8796093029212,372
8796093029248,244
8796093029276,332
8796093029298,174
8796093029302,1204
8796093029312,876
8796093029318,972
8796093029351,804
8796093029369,1375
8796093029390,213
8796093029396,222
8796093029399,994
8796093029413,340
8796093029438,381
8796093029444,1192
8796093029453,943
8796093029456,1297
8796093029457,773
8796093029465,1178
8796093029474,1153
8796093029483,900
8796093029503,1292
8796093029505,1156
8796093029509,1297
8796093029525,938
8796093029550,843
8796093029595,1188
8796093029597,1230
8796093029621,1361
8796093029625,357
8796093029630,470
8796093029641,907
8796093029659,355
8796093029669,243
8796093029676,613
8796093029684,1326
8796093029688,1134
8796093029692,1022
8796093029710,356
8796093029722,127
8796093029726,682
8796093029733,1224
8796093029753,685
8796093029758,325
8796093029766,1424
8796093029782,1197
8796093029786,941
8796093029911,170
8796093029918,279
8796093029935,1398
8796093029959,255
8796093029974,512
8796093029985,493
8796093030033,828
8796093030034,431
8796093030037,442
8796093030041,1019
8796093030065,1436
8796093030076,217
8796093030095,1024
8796093030109,1046
8796093030114,844
8796093030118,828
8796093030127,1078
8796093030128,1100
8796093030176,141
8796093030183,1422
8796093030184,1164
8796093030242,202
8796093030261,1337
8796093030285,425
8796093030309,1327
8796093030312,1029
8796093030330,1432
8796093030357,1049
8796093030363,258
8796093030371,154
8796093030395,1021
8796093030401,475
8796093030440,1369
8796093030458,482
8796093030473,130
8796093030492,381
8796093030509,684
8796093030536,1267
8796093030547,1165
8796093030570,1233
8796093030611,1398
8796093030621,1443
8796093030645,1092
8796093030655,809
8796093030657,1371
8796093030697,1311
8796093030748,1362
8796093030822,1030
8796093030826,288
8796093030833,1290
8796093030849,479
8796093030850,1199
8796093030856,886
8796093030877,672
8796093030901,1241
8796093030907,964
8796093030922,1009
8796093030969,1239
8796093030982,1099
8796093031021,480
8796093031050,1398
8796093031059,555
8796093031065,1032
8796093031069,1321
8796093031071,1410
8796093031080,1263
8796093031084,997
8796093031122,422
8796093031160,187
8796093031172,866
8796093031180,577
8796093031188,511
8796093031205,1154
8796093031261,1358
8796093031310,274
8796093031316,305
8796093031325,249
8796093031350,1234
8796093031358,945
8796093031362,445
8796093031376,291
8796093031385,143
8796093031386,185
8796093031391,1300
8796093031398,967
8796093031418,832
8796093031466,914
8796093031473,844
8796093031490,657
8796093031505,968
8796093031519,1315
8796093031524,1113
8796093031540,162
8796093031555,660
8796093031569,1258
8796093031572,474
8796093031580,521
8796093031585,1052
8796093031594,440
8796093031597,421
8796093031630,379
8796093031646,491
8796093031660,655
8796093031691,1177
8796093031694,472
8796093031696,229
8796093031714,1155
8796093031752,356
8796093031779,918
8796093031780,137
8796093031783,826
8796093031784,397
8796093031787,735
8796093031798,703
8796093031814,1380
8796093031829,310
8796093031862,1310
8796093031881,752
8796093031897,1133
8796093031904,1257
8796093031916,495
8796093031935,416
8796093031937,161
8796093031938,574
8796093031957,1004
8796093031975,1005
8796093031989,924
8796093032002,640
8796093032016,1200
8796093032022,1425
8796093032026,922
8796093032031,636
8796093032068,1021
8796093032101,1197
8796093032126,197
8796093032132,253
8796093032168,1331
8796093032192,871
8796093032196,519
8796093032264,760
8796093032271,1006
8796093032299,906
8796093032300,567
8796093032304,1228
8796093032376,492
8796093032387,601
8796093032397,873
8796093032402,674
8796093032407,672
8796093032409,911
8796093032423,919
8796093032451,343
8796093032459,1253
8796093032460,842
8796093032491,1343
8796093032547,490
8796093032553,135
8796093032576,678
8796093032614,282
8796093032624,1346
8796093032638,603
8796093032728,1328
8796093032749,804
8796093032771,257
8796093032781,857
8796093032803,1071
8796093032834,923
8796093032855,1184
8796093032867,335
8796093032898,625
8796093032945,380
8796093032963,734
8796093032968,441
8796093032982,510
8796093033003,1241
8796093033019,227
8796093033047,1262
8796093033063,118
8796093033091,1327
8796093033158,584
8796093033167,1329
10995116277761,1147
10995116277782,699
10995116277783,877
10995116277835,771
10995116277867,1178
10995116277868,1242
10995116277895,164
10995116277919,1343
10995116277921,135
10995116277966,1405
10995116277974,1390
10995116277998,1410
10995116278013,607
10995116278038,617
10995116278048,1160
10995116278056,643
10995116278068,605
10995116278071,1133
10995116278138,608
10995116278179,622
10995116278214,596
10995116278245,1409
10995116278256,893
10995116278284,1307
10995116278325,568
10995116278334,985
10995116278369,255
10995116278425,165
10995116278456,112
10995116278460,1452
10995116278469,795
10995116278527,1227
10995116278530,160
10995116278543,1379
10995116278557,436
10995116278581,377
10995116278585,936
10995116278602,163
10995116278610,205
10995116278616,273
10995116278620,295
10995116278622,1006
10995116278639,388
10995116278662,473
10995116278698,190
10995116278767,543
10995116278803,631
10995116278807,890
10995116278849,232
10995116278868,999
10995116278875,1001
10995116278880,667
10995116278898,1273
10995116278917,209
10995116278919,575
10995116278922,642
10995116278938,278
10995116278952,1182
10995116278973,1174
10995116278982,1194
10995116279003,276
10995116279007,469
10995116279047,1244
10995116279064,552
10995116279067,1152
10995116279074,669
10995116279087,652
10995116279088,488
10995116279102,1141
10995116279128,1176
10995116279139,979
10995116279159,899
10995116279168,969
10995116279216,850
10995116279256,401
10995116279258,411
10995116279277,1047
10995116279309,252
10995116279310,1140
10995116279311,263
10995116279335,1191
10995116279347,1452
10995116279349,1103
10995116279356,507
10995116279374,687
10995116279381,645
10995116279382,351
10995116279401,162
10995116279412,1322
10995116279428,1266
10995116279484,378
10995116279521,127
10995116279524,1299
10995116279543,918
10995116279548,920
10995116279565,931
10995116279578,418
10995116279584,394
10995116279592,399
10995116279629,191
10995116279632,932
10995116279665,706
10995116279669,389
10995116279682,1401
10995116279686,1338
10995116279705,741
10995116279708,691
10995116279716,585
10995116279720,745
10995116279730,1102
10995116279771,933
10995116279808,667
10995116279819,1125
10995116279857,729
10995116279887,237
10995116279896,774
10995116279908,893
10995116279938,386
10995116279939,448
10995116279955,1045
10995116279977,1043
10995116279989,1084
10995116279993,416
10995116280007,458
10995116280021,1354
10995116280022,1010
10995116280029,1340
10995116280033,1298
10995116280044,772
10995116280084,897
10995116280141,520
10995116280259,722
10995116280270,1295
10995116280298,1394
10995116280301,611
10995116280303,298
10995116280306,460
10995116280345,1265
10995116280382,163
10995116280412,530
10995116280492,1330
10995116280496,677
10995116280498,523
10995116280515,1016
10995116280529,555
10995116280547,631
10995116280548,595
10995116280551,1025
10995116280558,1136
10995116280560,602
10995116280571,766
10995116280573,1005
10995116280598,1069
10995116280685,1020
10995116280704,347
10995116280708,901
10995116280719,1083
10995116280747,451
10995116280749,515
10995116280765,1405
10995116280785,846
10995116280807,941
10995116280814,395
10995116280818,1168
10995116280841,228
10995116280871,468
10995116280901,449
10995116280908,1113
10995116280932,1190
10995116280957,742
10995116280959,724
10995116280964,1301
10995116280975,1436
10995116280980,781
10995116280987,560
10995116280994,677
10995116281013,292
10995116281018,817
10995116281039,1349
10995116281040,581
10995116281078,523
10995116281080,453
10995116281134,317
10995116281135,1337
10995116281170,1349
10995116281181,263
10995116281185,381
10995116281191,112
10995116281207,321
10995116281221,1305
10995116281226,1201
10995116281242,524
10995116281263,768
10995116281274,1158
10995116281291,489
10995116281346,674
10995116281358,148
10995116281365,335
10995116281369,1045
10995116281382,1068
10995116281394,706
10995116281400,1361
10995116281401,906
10995116281430,546
10995116281473,796
10995116281477,656
10995116281484,863
10995116281487,234
10995116281557,520
10995116281623,1181
10995116281631,1345
10995116281682,1226
10995116281686,1067
10995116281697,545
10995116281746,167
10995116281773,1440
10995116281776,181
10995116281783,1046
10995116281793,855
10995116281870,1278
10995116281880,710
10995116281885,894
10995116281902,756
10995116281924,280
10995116281950,267
10995116282007,986
10995116282013,1041
10995116282026,186
10995116282055,791
10995116282071,726
10995116282077,1038
10995116282086,1281
10995116282109,953
10995116282127,373
10995116282169,218
10995116282214,982
10995116282224,320
10995116282237,1214
10995116282291,173
10995116282297,1307
10995116282338,1418
10995116282366,830
10995116282388,481
10995116282427,1051
10995116282430,917
10995116282435,340
10995116282474,696
10995116282476,1157
10995116282478,1382
10995116282506,1129
10995116282520,1435
10995116282575,397
10995116282607,951
10995116282628,205
10995116282649,811
10995116282674,1418
10995116282680,147
10995116282724,767
10995116282806,608
10995116282829,252
10995116282854,383
10995116282865,242
10995116282898,1390
10995116282913,1005
10995116282932,532
10995116282938,205
10995116282972,1117
10995116282983,529
10995116282997,583
10995116283011,807
10995116283026,1071
10995116283030,174
10995116283072,302
10995116283093,1283
10995116283110,674
10995116283165,883
10995116283177,345
10995116283186,1230
10995116283204,1244
10995116283206,649
10995116283291,379
10995116283294,421
10995116283323,1365
10995116283328,869
10995116283329,149
10995116283343,1111
10995116283346,654
10995116283381,1031
10995116283405,476
10995116283417,127
10995116283457,439
10995116283463,1134
10995116283485,1208
10995116283526,1230
10995116283550,1017
10995116283553,1010
10995116283558,1292
10995116283612,695
10995116283619,1379
10995116283630,1082
10995116283652,1016
10995116283668,785
10995116283675,888
10995116283679,787
10995116283689,143
10995116283714,326
10995116283735,295
10995116283786,310
10995116283797,1348
10995116283805,1275
10995116283852,1041
10995116283874,367
10995116283875,1090
10995116283883,1336
10995116283889,1216
10995116283894,693
10995116283899,1354
10995116283902,751
10995116283907,653
10995116283913,548
10995116283917,1033
10995116283922,1292
10995116283933,1366
10995116283934,702
10995116283963,791
10995116283972,132
10995116284091,1090
10995116284126,376
10995116284136,111
10995116284152,957
10995116284172,474
10995116284201,322
10995116284206,536
10995116284212,408
10995116284245,887
10995116284259,863
10995116284291,957
10995116284310,1072
10995116284315,981
10995116284346,588
10995116284351,986
10995116284357,1271
10995116284358,332
10995116284367,895
10995116284386,760
10995116284405,394
10995116284412,315
10995116284413,279
10995116284415,518
10995116284427,1129
10995116284440,1445
10995116284458,1330
10995116284468,1108
10995116284470,751
10995116284476,1206
10995116284483,936
10995116284495,1189
10995116284517,1294
10995116284520,1053
10995116284530,263
10995116284554,1261
10995116284560,347
10995116284563,796
10995116284575,561
10995116284584,1392
10995116284589,640
10995116284592,1260
10995116284623,260
10995116284625,308
10995116284636,831
10995116284647,203
10995116284701,599
10995116284716,594
10995116284717,353
10995116284752,300
10995116284809,1408
10995116284810,1028
10995116284819,134
10995116284830,1138
10995116284837,806
10995116284909,1386
10995116284910,1127
10995116284938,1396
10995116284950,810
10995116284967,347
10995116284986,731
10995116285000,352
10995116285001,876
10995116285043,866
10995116285054,365
10995116285060,1277
10995116285089,1102
10995116285103,238
10995116285107,1024
10995116285126,455
10995116285129,951
10995116285143,968
10995116285155,655
10995116285167,600
10995116285204,153
10995116285246,1218
10995116285249,418
10995116285253,1379
10995116285333,430
10995116285339,193
10995116285346,490
10995116285356,1237
10995116285379,980
10995116285385,357
10995116285425,125
10995116285454,849
10995116285471,189
10995116285480,507
10995116285497,208
10995116285514,737
10995116285520,817
10995116285528,1145
10995116285536,363
10995116285541,668
10995116285562,414
10995116285564,663
10995116285575,797
10995116285596,665
10995116285610,665
10995116285638,774
10995116285650,1217
10995116285662,1236
10995116285710,930
10995116285720,965
10995116285725,496
10995116285737,1020
10995116285747,705
10995116285756,457
10995116285798,382
10995116285803,667
10995116285822,1100
10995116285865,900
10995116285875,1069
10995116285893,982
10995116285911,1361
10995116285913,321
10995116285945,837
10995116285961,455
10995116285979,1169
10995116285998,430
10995116286003,134
10995116286007,603
10995116286014,404
10995116286071,735
10995116286081,1254
10995116286117,235
10995116286150,927
10995116286166,659
10995116286193,1353
10995116286208,491
10995116286213,1296
10995116286217,733
10995116286234,867
10995116286273,596
10995116286278,1329
10995116286302,336
10995116286339,290
10995116286350,1156
10995116286365,187
10995116286390,310
10995116286396,457
10995116286400,813
10995116286464,697
10995116286489,1447
10995116286493,1407
10995116286497,1338
10995116286502,947
10995116286525,305
10995116286528,1167
10995116286579,1141
10995116286580,385
10995116286583,1253
10995116286614,135
10995116286627,971
10995116286645,871
10995116286648,127
10995116286688,558
10995116286701,936
10995116286702,315
10995116286707,306
10995116286719,800
10995116286729,1356
10995116286742,1414
10995116286746,153
10995116286748,811
10995116286751,259
10995116286768,311
10995116286775,683
10995116286784,1333
10995116286786,1240
10995116286795,550
10995116286802,878
10995116286804,499
10995116286814,731
10995116286827,826
10995116286837,599
10995116286840,134
10995116286849,494
10995116286858,308
10995116286881,784
10995116286900,284
10995116286920,1223
10995116286932,1054
10995116286944,212
10995116286964,635
10995116286974,855
10995116286977,674
10995116287024,658
10995116287035,278
10995116287036,1405
10995116287043,943
10995116287090,1197
10995116287101,711
10995116287122,257
10995116287165,1323
10995116287167,330
10995116287203,622
10995116287219,897
10995116287220,934
10995116287270,1363
10995116287290,1422
10995116287294,731
10995116287306,1164
10995116287308,639
10995116287347,1225
10995116287349,1224
10995116287402,956
10995116287409,531
10995116287415,1203
10995116287422,614
10995116287466,538
10995116287470,1434
10995116287471,1426
10995116287474,754
10995116287491,1419
10995116287504,289
10995116287519,436
10995116287539,1346
10995116287582,515
10995116287593,1041
10995116287608,1420
10995116287612,1125
10995116287614,812
10995116287633,775
10995116287646,891
10995116287654,1415
10995116287672,1342
10995116287675,316
10995116287707,200
10995116287728,1078
10995116287751,280
10995116287790,372
10995116287799,947
10995116287818,1353
10995116287820,1323
10995116287822,672
10995116287844,1179
10995116287867,1181
10995116287871,208
10995116287926,659
10995116287940,274
10995116287956,410
10995116287958,1066
10995116288009,1382
10995116288013,117
10995116288016,516
10995116288027,1432
10995116288031,291
10995116288045,1299
10995116288060,446
10995116288077,546
10995116288080,1414
10995116288121,255
10995116288127,972
10995116288145,336
10995116288162,1354
10995116288182,949
10995116288201,799
10995116288202,175
10995116288256,1452
10995116288267,573
10995116288268,1073
10995116288321,1037
10995116288345,1311
10995116288346,911
10995116288385,504
10995116288394,1161
10995116288430,239
10995116288434,465
10995116288439,1187
10995116288445,773
10995116288478,683
10995116288480,1110
10995116288519,1092
10995116288542,1037
10995116288552,341
10995116288554,1082
10995116288561,429
10995116288569,604
10995116288577,1042
10995116288583,1087
10995116288600,332
10995116288632,437
10995116288634,1218
10995116288659,998
10995116288678,1424
10995116288690,1076
10995116288723,1125
10995116288732,453
10995116288739,1059
10995116288759,797
13194139533343,605
13194139533362,1301
13194139533394,1225
13194139533395,853
13194139533436,1304
13194139533440,126
13194139533461,1118
13194139533469,492
13194139533503,796
13194139533511,779
13194139533514,1342
13194139533545,1385
13194139533602,755
13194139533695,810
13194139533714,276
13194139533716,598
13194139533738,805
13194139533742,892
13194139533747,409
13194139533770,579
13194139533783,515
13194139533800,743
13194139533824,478
13194139533825,1122
13194139533842,1120
13194139533855,1086
13194139533902,954
13194139533937,1254
13194139533985,1363
13194139534011,549
13194139534037,550
13194139534047,524
13194139534048,1205
13194139534064,1009
13194139534071,1011
13194139534075,1015
13194139534081,1318
13194139534097,1242
13194139534099,1069
13194139534123,805
13194139534134,1312
13194139534157,1085
13194139534159,1424
13194139534178,320
13194139534180,146
13194139534213,579
13194139534223,276
13194139534229,1448
13194139534237,978
13194139534255,1307
13194139534257,589
13194139534284,840
13194139534285,1220
13194139534291,1091
13194139534316,805
13194139534323,770
13194139534325,394
13194139534352,1020
13194139534356,730
13194139534395,1194
13194139534408,709
13194139534426,182
13194139534437,952
13194139534441,519
13194139534446,1301
13194139534511,262
13194139534512,1308
13194139534529,478
13194139534540,1104
13194139534580,463
13194139534590,866
13194139534621,858
13194139534638,516
13194139534665,833
13194139534670,626
13194139534699,1307
13194139534705,668
13194139534718,830
13194139534728,1074
13194139534734,1260
13194139534742,209
13194139534767,1062
13194139534796,250
13194139534799,1126
13194139534817,474
13194139534842,439
13194139534872,237
13194139534890,191
13194139534931,958
13194139534970,1439
13194139534976,1342
13194139535015,343
13194139535035,768
13194139535066,330
13194139535075,205
13194139535077,724
13194139535097,641
13194139535134,673
13194139535146,154
13194139535192,1307
13194139535209,821
13194139535215,1334
13194139535249,1074
13194139535251,1041
13194139535271,1064
13194139535277,637
13194139535317,1304
13194139535343,617
13194139535349,761
13194139535363,772
13194139535368,1422
13194139535397,739
13194139535407,142
13194139535423,813
13194139535459,982
13194139535463,824
13194139535481,754
13194139535518,413
13194139535562,1377
13194139535584,838
13194139535600,957
13194139535629,686
13194139535645,1424
13194139535660,506
13194139535664,217
13194139535678,976
13194139535725,1425
13194139535727,902
13194139535799,336
13194139535808,768
13194139535829,1075
13194139535835,1025
13194139535847,1194
13194139535860,995
13194139535871,1158
13194139535881,996
13194139535887,882
13194139535893,326
13194139535895,859
13194139535922,1090
13194139535929,1424
13194139535953,1444
13194139535996,567
13194139536000,244
13194139536017,311
13194139536032,553
13194139536053,959
13194139536060,675
13194139536063,1332
13194139536096,1220
13194139536107,1351
13194139536120,562
13194139536128,1247
13194139536159,961
13194139536172,1375
13194139536173,260
13194139536180,1143
13194139536204,429
13194139536252,932
13194139536261,495
13194139536285,323
13194139536300,477
13194139536315,958
13194139536335,1177
13194139536344,1382
13194139536351,462
13194139536367,867
13194139536424,846
13194139536432,745
13194139536452,954
13194139536481,798
13194139536572,299
13194139536588,1353
13194139536624,1311
13194139536631,262
13194139536645,563
13194139536657,1159
13194139536663,684
13194139536668,297
13194139536676,1441
13194139536684,819
13194139536701,129
13194139536764,1437
13194139536770,1223
13194139536784,365
13194139536790,340
13194139536821,475
13194139536823,957
13194139536877,612
13194139536909,1424
13194139536932,362
13194139536936,539
13194139536937,278
13194139536951,884
13194139536961,475
13194139536963,470
13194139536974,679
13194139536983,1266
13194139536991,1098
13194139537000,1128
13194139537007,512
13194139537018,782
13194139537020,927
13194139537031,1154
13194139537035,356
13194139537074,1167
13194139537075,1335
13194139537077,386
13194139537078,930
13194139537105,299
13194139537108,260
13194139537123,1055
13194139537132,729
13194139537136,1379
13194139537139,573
13194139537158,757
13194139537159,1433
13194139537174,758
13194139537181,134
13194139537186,958
13194139537189,1420
13194139537192,539
13194139537202,178
13194139537206,708
13194139537210,1305
13194139537259,473
13194139537283,626
13194139537294,793
13194139537319,402
13194139537332,841
13194139537333,1057
13194139537359,390
13194139537379,461
13194139537381,161
13194139537410,1440
13194139537442,1395
13194139537464,1325
13194139537468,1379
13194139537479,472
13194139537497,428
13194139537510,673
13194139537539,1089
13194139537551,1129
13194139537579,323
13194139537588,1028
13194139537591,1166
13194139537598,117
13194139537603,623
13194139537635,269
13194139537660,724
13194139537662,1341
13194139537680,1429
13194139537729,711
13194139537745,473
13194139537751,414
13194139537752,376
13194139537780,496
13194139537794,496
13194139537798,969
13194139537799,689
13194139537819,868
13194139537863,751
13194139537873,1207
13194139537876,214
13194139537879,624
13194139537894,1129
13194139537897,1177
13194139537900,784
13194139537932,390
13194139537936,147
13194139537956,1224
13194139537986,549
13194139538021,1140
13194139538022,204
13194139538069,615
13194139538102,944
13194139538152,638
13194139538167,774
13194139538177,650
13194139538188,1172
13194139538196,826
13194139538197,493
13194139538199,1428
13194139538210,1152
13194139538219,1072
13194139538306,888
13194139538308,835
13194139538344,216
13194139538364,787
13194139538368,666
13194139538394,1382
13194139538415,585
13194139538448,1021
13194139538451,1363
13194139538505,847
13194139538512,1024
13194139538527,705
13194139538540,847
13194139538546,1408
13194139538587,525
13194139538590,842
13194139538604,757
13194139538613,1003
13194139538636,281
13194139538691,488
13194139538694,1436
13194139538714,856
13194139538742,792
13194139538743,741
13194139538778,974
13194139538814,1439
13194139538815,1048
13194139538816,554
13194139538836,491
13194139538857,553
13194139538863,1319
13194139538864,692
13194139538886,1011
13194139538904,758
13194139538919,1142
13194139538968,314
13194139538973,629
13194139538986,958
13194139538988,252
13194139538994,332
13194139539036,1069
13194139539065,617
13194139539073,943
13194139539087,1136
13194139539089,1127
13194139539096,1116
13194139539104,506
13194139539107,1278
13194139539127,1010
13194139539140,124
13194139539167,671
13194139539195,1270
13194139539233,632
13194139539234,840
13194139539254,363
13194139539295,825
13194139539318,1103
13194139539322,1064
13194139539325,1438
13194139539328,111
13194139539333,495
13194139539343,1353
13194139539363,876
13194139539364,971
13194139539450,1255
13194139539463,512
13194139539487,658
13194139539494,1273
13194139539511,431
13194139539518,1423
13194139539522,892
13194139539526,563
13194139539552,1268
13194139539554,194
13194139539577,392
13194139539589,1022
13194139539597,130
13194139539598,603
13194139539617,123
13194139539622,959
13194139539637,685
13194139539646,1138
13194139539659,1267
13194139539662,454
13194139539680,724
13194139539708,1044
13194139539717,862
13194139539723,1217
13194139539740,1211
13194139539767,895
13194139539846,159
13194139539851,373
13194139539852,445
13194139539866,478
13194139539888,1038
13194139539905,189
13194139539922,198
13194139539947,490
13194139539955,372
13194139540003,113
13194139540004,768
13194139540006,690
13194139540014,283
13194139540053,802
13194139540056,1152
13194139540068,155
13194139540110,788
13194139540132,1200
13194139540142,1443
13194139540172,1436
13194139540179,916
13194139540185,1237
13194139540236,410
13194139540244,513
13194139540257,413
13194139540284,471
13194139540317,899
13194139540331,646
13194139540341,777
13194139540344,723
13194139540372,813
13194139540435,857
13194139540439,745
13194139540471,191
13194139540475,360
13194139540499,1076
13194139540507,1204
13194139540521,627
13194139540541,486
13194139540544,974
13194139540547,845
13194139540590,613
13194139540610,569
13194139540622,1390
13194139540645,573
13194139540646,1339
13194139540652,922
13194139540667,1097
13194139540711,499
13194139540712,409
13194139540755,363
13194139540794,877
13194139540844,1359
13194139540871,191
13194139540897,1284
13194139540913,744
13194139540915,441
13194139540984,323
13194139540988,454
13194139541000,183
13194139541011,497
13194139541053,1052
13194139541057,918
13194139541085,1377
13194139541122,570
13194139541166,577
13194139541170,212
13194139541181,243
13194139541187,352
13194139541195,1274
13194139541196,1306
13194139541221,1210
13194139541228,1208
13194139541245,296
13194139541252,230
13194139541253,1303
13194139541259,1418
13194139541324,1293
13194139541373,393
13194139541399,216
13194139541422,907
13194139541441,558
13194139541442,667
13194139541490,210
13194139541504,868
13194139541519,749
13194139541547,971
13194139541551,613
13194139541554,1397
13194139541558,389
13194139541560,528
13194139541572,1369
13194139541579,1432
13194139541599,443
13194139541609,392
13194139541621,980
13194139541622,569
13194139541682,1293
13194139541686,808
13194139541703,1129
13194139541713,266
13194139541736,145
13194139541795,942
13194139541799,913
13194139541815,591
13194139541829,1126
13194139541865,692
13194139541893,636
13194139541894,977
13194139541895,946
13194139541898,719
13194139541899,725
13194139541903,822
13194139541915,1425
13194139541980,1181
13194139542022,1325
13194139542065,1043
13194139542071,1424
13194139542083,150
13194139542108,479
13194139542144,363
13194139542171,645
13194139542199,498
13194139542206,183
13194139542212,183
13194139542323,598
13194139542332,896
13194139542378,502
13194139542423,594
13194139542431,904
13194139542471,1054
13194139542497,325
13194139542498,1057
13194139542521,991
13194139542584,1214
13194139542620,256
13194139542661,1408
13194139542677,1054
13194139542718,982
13194139542722,622
13194139542762,1419
13194139542799,1322
13194139542835,218
13194139542843,1109
13194139542869,1347
13194139542892,795
13194139542903,833
13194139542917,487
13194139542928,1000
13194139542929,531
13194139542944,369
13194139542959,614
13194139542965,915
13194139542990,464
13194139542992,805
13194139543000,906
13194139543055,1372
13194139543082,348
13194139543088,132
13194139543101,283
13194139543105,1232
13194139543115,871
13194139543119,235
13194139543173,447
13194139543178,978
13194139543188,259
13194139543196,1289
13194139543217,1439
13194139543225,561
13194139543256,816
13194139543295,1448
13194139543302,353
13194139543316,924
13194139543346,1397
13194139543357,500
13194139543364,1072
13194139543440,263
13194139543443,307
13194139543463,639
13194139543505,1332
13194139543514,1381
13194139543547,371
13194139543589,187
13194139543591,820
13194139543604,264
13194139543607,296
13194139543621,215
13194139543641,716
13194139543649,924
13194139543653,239
13194139543670,1413
13194139543681,574
13194139543683,116
13194139543684,1445
13194139543719,285
13194139543744,1026
13194139543762,690
13194139543775,708
13194139543785,1330
13194139543830,1214
13194139543858,1385
13194139543863,621
13194139543880,926
13194139543884,1232
13194139543889,1395
13194139543955,362
13194139543958,221
13194139543968,1230
13194139544007,825
13194139544026,1378
13194139544083,273
13194139544105,515
13194139544112,869
13194139544117,625
13194139544124,404
13194139544134,769
13194139544178,1292
13194139544179,468
13194139544182,1425
13194139544187,381
13194139544222,851
13194139544229,530
13194139544250,665
13194139544257,1160
13194139544274,192
13194139544294,1222
13194139544305,855
15393162788877,1410
15393162788899,786
15393162788910,750
15393162788912,1249
15393162788917,764
15393162788923,227
15393162788928,1061
15393162788948,1420
15393162788957,976
15393162788994,714
15393162789011,203
15393162789018,1314
15393162789019,1321
15393162789045,1086
15393162789060,1151
15393162789116,1328
15393162789121,1402
15393162789127,229
15393162789136,255
15393162789145,490
15393162789159,522
15393162789162,1011
15393162789178,823
15393162789183,1248
15393162789200,238
15393162789203,964
15393162789218,986
15393162789241,1386
15393162789243,423
15393162789319,1329
15393162789324,618
15393162789340,409
15393162789345,721
15393162789356,495
15393162789362,128
15393162789375,328
15393162789398,1142
15393162789402,993
15393162789414,1150
15393162789434,184
15393162789459,1079
15393162789498,1063
15393162789519,121
15393162789525,1316
15393162789533,1215
15393162789553,876
15393162789562,856
15393162789572,1370
15393162789582,373
15393162789607,1134
15393162789610,1018
15393162789626,269
15393162789629,334
15393162789653,1220
15393162789690,570
15393162789692,591
15393162789731,1358
15393162789753,827
15393162789769,238
15393162789782,1374
15393162789817,1248
15393162789846,975
15393162789850,941
15393162789901,615
15393162789959,599
15393162789986,696
15393162789996,306
15393162789997,627
15393162790005,164
15393162790025,432
15393162790030,1427
15393162790035,342
15393162790046,285
15393162790069,314
15393162790078,655
15393162790080,645
15393162790090,1446
15393162790095,1093
15393162790150,836
15393162790159,1323
15393162790162,787
15393162790177,820
15393162790196,1422
15393162790200,519
15393162790208,981
15393162790264,273
15393162790303,237
15393162790313,306
15393162790325,1299
15393162790332,515
15393162790364,921
15393162790408,338
15393162790418,410
15393162790427,279
15393162790446,1018
15393162790498,953
15393162790530,765
15393162790534,568
15393162790634,230
15393162790640,958
15393162790653,837
15393162790678,503
15393162790706,1440
15393162790719,1423
15393162790754,249
15393162790789,1316
15393162790794,1039
15393162790815,1123
15393162790831,920
15393162790856,726
15393162790883,1125
15393162790889,641
15393162790914,643
15393162790930,1401
15393162790974,755
15393162790976,1037
15393162790992,1322
15393162790997,325
15393162791023,952
15393162791026,890
15393162791055,1065
15393162791066,975
15393162791068,714
15393162791098,226
15393162791123,1382
15393162791150,1359
15393162791154,722
15393162791208,1444
15393162791211,113
15393162791214,1067
15393162791244,790
15393162791286,1434
15393162791306,1419
15393162791310,695
15393162791318,1320
15393162791332,619
15393162791338,848
15393162791340,783
15393162791375,1007
15393162791390,340
15393162791403,808
15393162791409,1028
15393162791414,567
15393162791432,1022
15393162791441,483
15393162791448,1162
15393162791473,684
15393162791489,270
15393162791499,259
15393162791508,855
15393162791533,1411
15393162791551,234
15393162791559,180
15393162791561,280
15393162791594,905
15393162791606,286
15393162791622,562
15393162791627,404
15393162791632,985
15393162791639,386
15393162791676,957
15393162791723,1016
15393162791758,955
15393162791806,1256
15393162791859,1041
15393162791906,1439
15393162791929,437
15393162792008,491
15393162792025,224
15393162792028,328
15393162792039,1082
15393162792043,499
15393162792059,944
15393162792064,1252
15393162792074,1243
15393162792089,939
15393162792097,708
15393162792099,1352
15393162792105,1386
15393162792128,112
15393162792130,852
15393162792146,860
15393162792217,1162
15393162792241,1084
15393162792256,1116
15393162792304,1117
15393162792314,519
15393162792327,549
15393162792385,722
15393162792389,1120
15393162792392,820
15393162792394,1127
15393162792396,178
15393162792415,138
15393162792416,350
15393162792419,362
15393162792434,796
15393162792467,580
15393162792471,252
15393162792479,1122
15393162792517,555
15393162792522,406
15393162792524,1124
15393162792538,791
15393162792555,1299
15393162792568,1317
15393162792575,459
15393162792594,363
15393162792602,1057
15393162792610,930
15393162792635,1330
15393162792647,426
15393162792654,514
15393162792672,1184
15393162792752,886
15393162792760,957
15393162792761,115
15393162792765,515
15393162792792,154
15393162792794,659
15393162792798,642
15393162792804,275
15393162792820,686
15393162792823,814
15393162792851,291
15393162792874,1167
15393162792918,537
15393162792925,319
15393162792958,950
15393162793010,1317
15393162793038,1208
15393162793052,1124
15393162793087,839
15393162793114,641
15393162793148,1199
15393162793157,1078
15393162793184,1177
15393162793189,1308
15393162793202,1396
15393162793222,840
15393162793238,1444
15393162793274,1226
15393162793282,1040
15393162793288,1323
15393162793290,1342
15393162793300,661
15393162793310,1183
15393162793326,1101
15393162793338,704
15393162793364,665
15393162793388,378
15393162793397,1110
15393162793412,524
15393162793424,1275
15393162793426,818
15393162793440,1194
15393162793477,439
15393162793486,442
15393162793494,1297
15393162793501,676
15393162793518,1191
15393162793557,388
15393162793576,784
15393162793598,798
15393162793599,1423
15393162793611,1203
15393162793627,358
15393162793693,415
15393162793696,925
15393162793717,311
15393162793718,1167
15393162793735,755
15393162793760,623
15393162793765,1209
15393162793774,1084
15393162793777,1148
15393162793801,963
15393162793805,184
15393162793810,719
15393162793820,899
15393162793821,1058
15393162793851,577
15393162793863,849
15393162793869,675
15393162793879,556
15393162793884,1443
15393162793915,1271
15393162793934,1222
15393162793945,1070
15393162793949,472
15393162793972,313
15393162793982,882
15393162794009,1139
15393162794033,987
15393162794037,1309
15393162794069,437
15393162794128,1209
15393162794145,957
15393162794183,337
15393162794185,298
15393162794203,484
15393162794206,446
15393162794219,227
15393162794222,935
15393162794223,882
15393162794226,171
15393162794233,1137
15393162794253,437
15393162794267,931
15393162794272,1359
15393162794275,1218
15393162794309,134
15393162794315,241
15393162794332,774
15393162794334,1053
15393162794340,705
15393162794351,733
15393162794359,569
15393162794384,527
15393162794439,986
15393162794465,884
15393162794466,828
15393162794468,1145
15393162794469,867
15393162794514,143
15393162794517,1081
15393162794518,368
15393162794550,875
15393162794570,620
15393162794619,915
15393162794649,261
15393162794655,441
15393162794663,245
15393162794666,124
15393162794683,790
15393162794709,1048
15393162794711,1236
15393162794743,791
15393162794759,962
15393162794842,272
15393162794845,721
15393162794858,780
15393162794859,448
15393162794896,657
15393162794929,870
15393162794953,1080
15393162794955,538
15393162794968,422
15393162794971,1377
15393162795000,336
15393162795016,722
15393162795042,575
15393162795051,912
15393162795056,640
15393162795066,1426
15393162795090,1137
15393162795096,998
15393162795110,435
15393162795118,337
15393162795142,1269
15393162795159,148
15393162795213,784
15393162795236,1432
15393162795249,420
15393162795252,1451
15393162795278,506
15393162795288,1308
15393162795309,555
15393162795345,990
15393162795391,515
15393162795422,794
15393162795431,1425
15393162795442,983
15393162795503,1341
15393162795553,548
15393162795607,126
15393162795618,1041
15393162795632,996
15393162795647,341
15393162795666,710
15393162795695,1308
15393162795700,520
15393162795706,1124
15393162795710,348
15393162795717,336
15393162795733,1422
15393162795739,1027
15393162795744,1286
15393162795766,365
15393162795767,977
15393162795778,1276
15393162795789,221
15393162795803,470
15393162795813,824
15393162795833,546
15393162795888,909
15393162795897,1201
15393162795908,154
15393162795926,560
15393162795988,1055
15393162796008,1196
15393162796031,414
15393162796038,964
15393162796060,1313
15393162796066,1012
15393162796101,1244
15393162796126,646
15393162796135,1449
15393162796144,376
15393162796146,1197
15393162796167,209
15393162796172,273
15393162796224,215
15393162796288,589
15393162796323,175
15393162796331,242
15393162796337,243
15393162796338,532
15393162796369,1368
15393162796377,427
15393162796405,425
15393162796428,470
15393162796471,1256
15393162796493,1099
15393162796502,530
15393162796508,1083
15393162796516,192
15393162796545,754
15393162796547,1000
15393162796553,453
15393162796560,1027
15393162796566,928
15393162796579,261
15393162796613,867
15393162796621,247
15393162796635,1407
15393162796686,991
15393162796728,365
15393162796743,579
15393162796755,678
15393162796778,162
15393162796779,906
15393162796796,965
15393162796803,499
15393162796817,438
15393162796819,1006
15393162796843,1444
15393162796879,1325
15393162796900,607
15393162796901,369
15393162796905,264
15393162796909,882
15393162796914,652
15393162796938,228
15393162796970,960
15393162796995,993
15393162797001,340
15393162797006,1067
15393162797008,1108
15393162797037,1183
15393162797039,190
15393162797086,313
15393162797132,219
15393162797199,1030
15393162797207,1278
15393162797213,427
15393162797236,784
15393162797245,511
15393162797322,245
15393162797324,414
15393162797340,863
15393162797341,765
15393162797343,161
15393162797355,437
15393162797358,187
15393162797371,192
15393162797372,1145
15393162797388,571
15393162797393,1395
15393162797397,813
15393162797413,623
15393162797415,1141
15393162797442,1241
15393162797453,249
15393162797457,211
15393162797545,1384
15393162797566,1175
15393162797567,1133
15393162797594,551
15393162797599,754
15393162797610,1127
15393162797649,991
15393162797697,857
15393162797703,294
15393162797711,276
15393162797716,876
15393162797734,613
15393162797737,1179
15393162797760,1230
15393162797768,176
15393162797780,1341
15393162797781,297
15393162797791,1106
15393162797799,663
15393162797810,887
15393162797813,1260
15393162797817,763
15393162797913,1438
15393162797915,484
15393162797929,185
15393162797956,992
15393162797976,750
15393162797982,566
15393162798002,292
15393162798025,677
15393162798035,1338
15393162798044,932
15393162798046,982
15393162798061,778
15393162798066,423
15393162798076,370
15393162798100,686
15393162798109,553
15393162798119,1342
15393162798192,366
15393162798198,220
15393162798215,961
15393162798227,1251
15393162798238,126
15393162798239,132
15393162798254,1361
15393162798261,922
15393162798303,1406
15393162798315,685
15393162798318,163
15393162798328,191
15393162798341,201
15393162798380,1223
15393162798392,1420
15393162798411,1297
15393162798428,425
15393162798434,441
15393162798503,1334
15393162798531,1250
15393162798536,951
15393162798538,860
15393162798559,218
15393162798602,1416
15393162798611,389
15393162798652,1364
15393162798660,1003
15393162798680,1213
15393162798690,428
15393162798696,191
15393162798736,1432
15393162798763,1088
15393162798789,1154
15393162798794,122
15393162798798,728
15393162798804,998
15393162798829,463
15393162798836,933
15393162798846,1165
15393162798858,1280
15393162798860,952
15393162798863,970
15393162798893,760
15393162798923,1337
15393162798954,895
15393162798964,1428
15393162798965,261
15393162798986,1388
15393162798988,1365
15393162798990,300
15393162798998,1360
15393162799037,1442
15393162799042,547
15393162799049,425
15393162799069,1207
15393162799085,259
15393162799092,354
15393162799130,846
15393162799134,1012
15393162799158,756
15393162799165,1174
15393162799170,800
15393162799178,490
15393162799191,338
15393162799275,875
15393162799290,1037
15393162799297,208
15393162799300,903
15393162799344,524
15393162799345,130
15393162799347,409
15393162799366,958
15393162799386,744
15393162799406,880
15393162799412,1366
15393162799417,907
15393162799448,606
15393162799480,1190
15393162799486,114
15393162799491,741
15393162799504,1051
15393162799527,569
15393162799563,377
15393162799564,1019
15393162799574,1256
15393162799580,380
15393162799592,218
15393162799642,210
15393162799670,1295
15393162799694,1032
15393162799723,991
15393162799728,1356
15393162799741,738
15393162799750,1001
15393162799779,141
15393162799795,963
15393162799803,1337
15393162799807,1423
15393162799850,368
15393162799851,1035
17592186044467,1178
17592186044476,634
17592186044505,280
17592186044506,934
17592186044543,681
17592186044545,447
17592186044558,184
17592186044561,906
17592186044582,992
17592186044587,190
17592186044611,287
17592186044636,1129
17592186044638,777
17592186044695,924
17592186044705,1286
17592186044720,270
17592186044726,745
17592186044743,1247
17592186044746,1178
17592186044747,1107
17592186044767,696
17592186044789,1064
17592186044801,172
17592186044803,1069
17592186044821,484
17592186044824,268
17592186044828,1163
17592186044838,677
17592186044839,1186
17592186044852,1304
17592186044859,1322
17592186044862,1194
17592186044881,346
17592186044882,135
17592186044883,720
17592186044905,1189
17592186044913,123
17592186044924,1440
17592186044948,619
17592186044961,608
17592186044965,940
17592186045029,728
17592186045106,1039
17592186045142,400
17592186045182,441
17592186045195,664
17592186045196,642
17592186045207,1042
17592186045208,461
17592186045209,1313
17592186045225,604
17592186045281,1082
17592186045301,598
17592186045309,487
17592186045316,986
17592186045339,1178
17592186045358,796
17592186045367,1325
17592186045368,791
17592186045373,513
17592186045381,1074
17592186045413,331
17592186045418,119
17592186045428,1309
17592186045492,872
17592186045552,604
17592186045555,1343
17592186045574,480
17592186045590,473
17592186045596,1289
17592186045600,1347
17592186045606,323
17592186045610,637
17592186045613,919
17592186045671,635
17592186045699,286
17592186045716,470
17592186045761,1197
17592186045762,835
17592186045764,721
17592186045771,989
17592186045789,1422
17592186045794,178
17592186045799,386
17592186045808,200
17592186045810,353
17592186045818,1310
17592186045827,591
17592186045852,958
17592186045854,178
17592186045889,732
17592186045896,633
17592186045902,1180
17592186045954,260
17592186045969,726
17592186045987,572
17592186046008,653
17592186046020,1421
17592186046028,217
17592186046034,309
17592186046058,140
17592186046077,748
17592186046112,354
17592186046132,782
17592186046214,234
17592186046235,1069
17592186046237,1046
17592186046254,513
17592186046295,423
17592186046299,1433
17592186046312,156
17592186046318,1430
17592186046329,1375
17592186046335,1106
17592186046337,1107
17592186046358,1206
17592186046373,1315
17592186046377,1165
17592186046392,492
17592186046395,1144
17592186046399,693
17592186046401,1340
17592186046404,192
17592186046410,1400
17592186046450,196
17592186046489,643
17592186046498,1433
17592186046506,817
17592186046515,793
17592186046523,138
17592186046542,646
17592186046561,1229
17592186046568,368
17592186046583,797
17592186046597,1293
17592186046604,849
17592186046615,1081
17592186046619,1337
17592186046669,1356
17592186046674,719
17592186046691,874
17592186046699,1226
17592186046716,625
17592186046721,118
17592186046737,1414
17592186046767,1398
17592186046801,799
17592186046840,943
17592186046854,737
17592186046855,1175
17592186046857,124
17592186046866,952
17592186046879,815
17592186046899,1011
17592186046904,1103
17592186046919,121
17592186046929,266
17592186046932,498
17592186046968,913
17592186047008,1442
17592186047016,667
17592186047024,352
17592186047030,259
17592186047040,313
17592186047045,986
17592186047071,830
17592186047102,1011
17592186047105,953
17592186047124,848
17592186047135,1426
17592186047140,486
17592186047147,230
17592186047153,127
17592186047160,1264
17592186047163,471
17592186047170,309
17592186047186,489
17592186047215,1087
17592186047220,317
17592186047226,1295
17592186047257,645
17592186047268,431
17592186047289,930
17592186047299,1075
17592186047318,997
17592186047321,398
17592186047330,520
17592186047366,677
17592186047417,1156
17592186047433,491
17592186047442,307
17592186047460,1285
17592186047476,231
17592186047483,652
17592186047514,458
17592186047517,601
17592186047519,1369
17592186047526,718
17592186047547,702
17592186047551,1411
17592186047558,481
17592186047592,754
17592186047598,665
17592186047605,402
17592186047652,1261
17592186047660,247
17592186047683,659
17592186047701,1345
17592186047709,1089
17592186047716,1304
17592186047724,1260
17592186047729,666
17592186047737,1190
17592186047743,1158
17592186047774,993
17592186047792,360
17592186047795,127
17592186047799,792
17592186047811,546
17592186047816,609
17592186047842,726
17592186047849,763
17592186047853,915
17592186047887,822
17592186047918,831
17592186047933,350
17592186047935,803
17592186047950,1251
17592186047966,884
17592186047987,1233
17592186048010,1058
17592186048049,363
17592186048053,283
17592186048064,124
17592186048077,1197
17592186048100,685
17592186048114,200
17592186048115,909
17592186048119,1327
17592186048183,612
17592186048228,1046
17592186048247,679
17592186048260,231
17592186048271,860
17592186048307,233
17592186048311,710
17592186048336,345
17592186048348,769
17592186048386,492
17592186048395,402
17592186048407,203
17592186048428,116
17592186048457,1434
17592186048492,985
17592186048551,1274
17592186048564,1375
17592186048570,220
17592186048597,202
17592186048611,1364
17592186048627,563
17592186048641,822
17592186048656,162
17592186048659,521
17592186048680,561
17592186048684,898
17592186048697,1240
17592186048745,842
17592186048749,178
17592186048757,1380
17592186048763,1051
17592186048769,943
17592186048802,706
17592186048805,1360
17592186048811,1434
17592186048814,318
17592186048816,1010
17592186048824,892
17592186048828,1352
17592186048854,321
17592186048872,391
17592186048913,135
17592186048918,1014
17592186048950,1423
17592186049020,223
17592186049024,1063
17592186049041,722
17592186049051,1009
17592186049052,938
17592186049056,954
17592186049061,296
17592186049087,916
17592186049094,614
17592186049118,1059
17592186049135,974
17592186049147,526
17592186049158,1039
17592186049198,557
17592186049289,974
17592186049304,590
17592186049307,1088
17592186049308,290
17592186049334,696
17592186049342,1283
17592186049378,804
17592186049379,1355
17592186049398,1247
17592186049402,1062
17592186049413,1290
17592186049417,255
17592186049427,1337
17592186049433,1425
17592186049437,379
17592186049459,423
17592186049517,1225
17592186049520,843
17592186049543,509
17592186049556,1297
17592186049576,917
17592186049590,679
17592186049591,198
17592186049593,1445
17592186049596,1224
17592186049622,743
17592186049625,1112
17592186049660,706
17592186049675,755
17592186049678,637
17592186049711,894
17592186049724,943
17592186049753,673
17592186049759,1285
17592186049765,324
17592186049799,1038
17592186049826,471
17592186049831,553
17592186049843,893
17592186049849,1439
17592186049852,142
17592186049880,1022
17592186049899,997
17592186049930,1101
17592186049935,389
17592186049954,727
17592186049970,443
17592186049971,931
17592186049977,1038
17592186050003,1125
17592186050005,1311
17592186050039,955
17592186050044,301
17592186050056,1342
17592186050063,857
17592186050065,179
17592186050067,161
17592186050103,724
17592186050115,134
17592186050170,256
17592186050188,305
17592186050247,585
17592186050321,1424
17592186050325,852
17592186050333,239
17592186050342,833
17592186050347,117
17592186050357,1273
17592186050359,547
17592186050367,559
17592186050392,650
17592186050405,636
17592186050412,1400
17592186050415,642
17592186050431,1209
17592186050454,1204
17592186050457,1308
17592186050559,1357
17592186050581,200
17592186050634,1043
17592186050645,310
17592186050665,298
17592186050671,1223
17592186050682,350
17592186050685,1130
17592186050692,983
17592186050725,1303
17592186050734,1114
17592186050748,681
17592186050783,1005
17592186050790,411
17592186050803,1037
17592186050809,719
17592186050849,975
17592186050850,427
17592186050889,932
17592186050928,498
17592186050937,1131
17592186050944,753
17592186050981,1214
17592186051005,223
17592186051021,1393
17592186051032,1285
17592186051050,1112
17592186051056,156
17592186051103,111
17592186051120,1177
17592186051125,223
17592186051156,1158
17592186051190,412
17592186051204,576
17592186051225,1054
17592186051259,900
17592186051268,1114
17592186051306,312
17592186051315,1402
17592186051328,1248
17592186051338,319
17592186051347,592
17592186051369,422
17592186051382,884
17592186051393,1185
17592186051402,1186
17592186051425,665
17592186051426,609
17592186051428,724
17592186051462,651
17592186051480,558
17592186051490,1312
17592186051494,1154
17592186051499,1376
17592186051500,875
17592186051501,499
17592186051513,1019
17592186051522,456
17592186051523,1125
17592186051542,578
17592186051550,1348
17592186051568,513
17592186051628,859
17592186051630,987
17592186051636,671
17592186051639,472
17592186051640,551
17592186051684,128
17592186051703,1049
17592186051723,188
17592186051752,713
17592186051760,1157
17592186051774,133
17592186051781,283
17592186051788,890
17592186051871,136
17592186051872,289
17592186051882,665
17592186051913,1072
17592186051944,509
17592186051955,348
17592186051959,1210
17592186051978,184
17592186052058,121
17592186052059,1087
17592186052101,1285
17592186052106,944
17592186052175,302
17592186052198,840
17592186052201,909
17592186052216,598
17592186052275,1040
17592186052341,507
17592186052378,260
17592186052385,901
17592186052394,775
17592186052427,1045
17592186052429,480
17592186052444,1178
17592186052462,309
17592186052470,680
17592186052481,473
17592186052484,921
17592186052516,493
17592186052541,492
17592186052621,400
17592186052627,1264
17592186052643,1415
17592186052644,271
17592186052709,785
17592186052712,616
17592186052721,1086
17592186052772,1385
17592186052793,739
17592186052835,602
17592186052839,221
17592186052850,1350
17592186052901,433
17592186052908,840
17592186052914,359
17592186052947,870
17592186052948,1125
17592186052961,409
17592186052987,588
17592186053010,514
17592186053011,776
17592186053088,1168
17592186053121,199
17592186053132,265
17592186053160,511
17592186053167,525
17592186053173,870
17592186053180,233
17592186053216,1312
17592186053217,519
17592186053232,475
17592186053238,631
17592186053259,235
17592186053274,893
17592186053302,1047
17592186053315,1276
17592186053319,812
17592186053321,1350
17592186053325,542
17592186053336,1085
17592186053355,1222
17592186053366,809
17592186053383,169
17592186053441,857
17592186053461,506
17592186053486,1177
17592186053492,169
17592186053497,1266
17592186053498,284
17592186053569,698
17592186053607,873
17592186053617,1399
17592186053636,538
17592186053656,839
17592186053667,1300
17592186053687,1124
17592186053708,406
17592186053710,1060
17592186053760,814
17592186053772,1207
17592186053786,1076
17592186053794,908
17592186053810,1048
17592186053811,658
17592186053840,553
17592186053842,838
17592186053872,1276
17592186053889,389
17592186053911,370
17592186053943,308
17592186053981,1403
17592186053982,1398
17592186053999,864
17592186054036,1227
17592186054039,326
17592186054051,1007
17592186054062,1177
17592186054199,623
17592186054225,832
17592186054262,628
17592186054279,481
17592186054281,1100
17592186054383,1321
17592186054392,1374
17592186054393,989
17592186054408,1285
17592186054409,826
17592186054443,129
17592186054466,596
17592186054504,1321
17592186054511,869
17592186054552,1103
17592186054619,658
17592186054655,303
17592186054677,1056
17592186054691,1385
17592186054718,1088
17592186054724,266
17592186054740,537
17592186054754,264
17592186054779,1424
17592186054780,689
17592186054789,716
17592186054820,862
17592186054826,936
17592186054854,357
17592186054855,328
17592186054868,683
17592186054870,147
17592186054880,948
17592186054891,863
17592186054919,333
17592186054927,225
17592186054960,161
17592186054970,320
17592186054998,742
17592186055003,1362
17592186055007,1180
17592186055014,758
17592186055016,1350
17592186055017,614
17592186055058,610
17592186055083,1297
17592186055094,1283
17592186055108,184
17592186055152,285
17592186055157,1301
17592186055167,210
17592186055184,1436
17592186055188,579
17592186055206,1049
17592186055234,1413
17592186055236,300
17592186055258,1394
17592186055301,993
17592186055310,1100
17592186055316,185
17592186055380,378
17592186055387,949
17592186055406,543
17592186055408,1414
17592186055413,366
19791209299968,285
19791209299987,1452
19791209299997,452
19791209300009,185
19791209300010,966
19791209300072,797
19791209300093,1331
19791209300166,829
19791209300173,426
19791209300179,1140
19791209300214,1020
19791209300224,1136
19791209300230,960
19791209300262,221
19791209300277,1360
19791209300288,898
19791209300318,1262
19791209300331,1101
19791209300338,308
19791209300362,1014
19791209300374,593
19791209300396,801
19791209300413,1160
19791209300416,464
19791209300418,925
19791209300450,898
19791209300454,1240
19791209300455,614
19791209300458,274
19791209300488,1250
19791209300516,1331
19791209300521,919
19791209300547,454
19791209300548,1398
19791209300568,612
19791209300574,1168
19791209300582,1154
19791209300603,491
19791209300605,652
19791209300626,253
19791209300656,797
19791209300678,1301
19791209300698,167
19791209300707,782
19791209300719,398
19791209300725,368
19791209300766,471
19791209300778,336
19791209300792,511
19791209300799,198
19791209300821,155
19791209300837,647
19791209300866,383
19791209300876,1381
19791209300877,597
19791209300884,788
19791209300924,1271
19791209300926,228
19791209300944,305
19791209300946,1039
19791209300948,794
19791209300949,1017
19791209300964,713
19791209300966,1051
19791209300978,372
19791209301007,242
19791209301023,429
19791209301034,696
19791209301039,1309
19791209301040,1444
19791209301052,449
19791209301055,1109
19791209301067,1093
19791209301085,1150
19791209301094,438
19791209301120,846
19791209301133,698
19791209301197,883
19791209301206,1160
19791209301230,1055
19791209301273,1405
19791209301298,1123
19791209301302,485
19791209301305,593
19791209301387,540
19791209301396,930
19791209301412,845
19791209301422,964
19791209301431,549
19791209301445,1204
19791209301471,1111
19791209301484,793
19791209301503,706
19791209301504,572
19791209301549,649
19791209301569,1413
19791209301584,767
19791209301594,1185
19791209301598,150
19791209301605,665
19791209301614,211
19791209301621,780
19791209301643,211
19791209301672,941
19791209301675,407
19791209301678,1139
19791209301695,1046
19791209301779,196
19791209301811,1026
19791209301827,974
19791209301836,274
19791209301844,1305
19791209301849,983
19791209301852,690
19791209301861,1151
19791209301914,1069
19791209301937,427
19791209301940,1131
19791209301945,752
19791209301955,268
19791209301974,626
19791209302043,821
19791209302061,1296
19791209302064,552
19791209302082,223
19791209302088,1323
19791209302125,638
19791209302134,1095
19791209302150,228
19791209302168,461
19791209302187,1408
19791209302216,1423
19791209302224,1034
19791209302242,1137
19791209302281,1259
19791209302290,522
19791209302325,299
19791209302340,890
19791209302345,602
19791209302374,719
19791209302398,1085
19791209302401,699
19791209302424,468
19791209302435,871
19791209302447,407
19791209302448,565
19791209302454,180
19791209302475,1254
19791209302493,567
19791209302532,447
19791209302544,1451
19791209302555,290
19791209302558,1066
19791209302570,710
19791209302580,182
19791209302599,775
19791209302610,324
19791209302653,399
19791209302691,878
19791209302697,603
19791209302774,1153
19791209302816,1085
19791209302843,1010
19791209302844,1077
19791209302863,773
19791209302865,1365
19791209302871,497
19791209302874,400
19791209302883,941
19791209302896,440
19791209302905,211
19791209302911,852
19791209302919,1380
19791209302928,943
19791209302942,457
19791209302951,938
19791209302952,321
19791209302984,690
19791209302990,306
19791209302997,971
19791209303001,1441
19791209303042,232
19791209303074,350
19791209303081,780
19791209303102,703
19791209303105,614
19791209303126,885
19791209303127,307
19791209303197,594
19791209303272,819
19791209303306,632
19791209303330,446
19791209303350,289
19791209303369,1179
19791209303385,1320
19791209303386,1133
19791209303396,1086
19791209303398,126
19791209303456,192
19791209303495,296
19791209303501,1292
19791209303513,1196
19791209303524,829
19791209303641,521
19791209303644,684
19791209303668,484
19791209303700,344
19791209303725,722
19791209303760,456
19791209303763,667
19791209303778,148
19791209303784,758
19791209303797,580
19791209303808,1149
19791209303817,1335
19791209303877,194
19791209303879,1204
19791209303882,749
19791209303901,432
19791209303931,942
19791209303940,502
19791209303987,1101
19791209304007,761
19791209304028,540
19791209304034,955
19791209304050,674
19791209304058,1206
19791209304091,334
19791209304097,1091
19791209304104,1304
19791209304140,1427
19791209304160,374
19791209304168,997
19791209304169,142
19791209304177,1196
19791209304187,967
19791209304198,997
19791209304199,349
19791209304200,400
19791209304206,1158
19791209304223,145
19791209304241,361
19791209304253,964
19791209304296,1029
19791209304341,999
19791209304349,411
19791209304352,938
19791209304373,641
19791209304389,498
19791209304416,266
19791209304426,1373
19791209304439,171
19791209304449,345
19791209304456,1193
19791209304460,223
19791209304558,238
19791209304575,615
19791209304579,579
19791209304624,880
19791209304631,705
19791209304650,760
19791209304705,1318
19791209304723,623
19791209304729,333
19791209304752,311
19791209304789,183
19791209304804,1201
19791209304846,606
19791209304847,767
19791209304862,676
19791209304879,150
19791209304891,706
19791209304899,561
19791209304901,540
19791209304915,1240
19791209304938,1190
19791209304951,953
19791209304963,984
19791209304966,450
19791209304987,269
19791209304994,289
19791209304996,949
19791209304999,804
19791209305040,1423
19791209305058,254
19791209305078,1353
19791209305131,565
19791209305144,394
19791209305158,184
19791209305162,1390
19791209305163,907
19791209305198,603
19791209305216,416
19791209305252,1418
19791209305257,1270
19791209305319,529
19791209305321,1091
19791209305324,1181
19791209305340,224
19791209305344,483
19791209305377,309
19791209305382,843
19791209305390,395
19791209305402,649
19791209305417,1386
19791209305421,1284
19791209305425,184
19791209305426,838
19791209305456,536
19791209305528,1114
19791209305533,930
19791209305553,383
19791209305568,1003
19791209305592,966
19791209305605,246
19791209305634,1394
19791209305664,1362
19791209305669,140
19791209305690,1014
19791209305701,784
19791209305719,442
19791209305727,1447
19791209305742,1310
19791209305747,129
19791209305774,1429
19791209305781,1301
19791209305798,1186
19791209305802,1074
19791209305808,512
19791209305835,1043
19791209305839,889
19791209305841,1063
19791209305854,1324
19791209305864,866
19791209305901,347
19791209305908,206
19791209305923,1426
19791209305940,1292
19791209305966,415
19791209305969,366
19791209305973,849
19791209305982,1109
19791209305990,433
19791209305996,986
19791209306008,564
19791209306015,132
19791209306045,851
19791209306049,465
19791209306062,1342
19791209306092,377
19791209306095,177
19791209306118,670
19791209306158,804
19791209306172,1199
19791209306179,957
19791209306189,1288
19791209306201,536
19791209306220,776
19791209306262,992
19791209306276,592
19791209306303,994
19791209306306,402
19791209306343,416
19791209306347,581
19791209306349,1133
19791209306378,1059
19791209306391,582
19791209306439,1421
19791209306457,1416
19791209306482,825
19791209306485,338
19791209306494,615
19791209306498,845
19791209306515,987
19791209306579,297
19791209306582,1278
19791209306595,384
19791209306632,468
19791209306634,330
19791209306643,284
19791209306646,314
19791209306652,1426
19791209306667,729
19791209306686,313
19791209306718,847
19791209306759,1095
19791209306767,1113
19791209306785,1066
19791209306807,915
19791209306813,1035
19791209306815,981
19791209306816,1072
19791209306817,925
19791209306818,265
19791209306827,985
19791209306860,845
19791209306906,1420
19791209306915,1283
19791209306928,1306
19791209306952,747
19791209306956,401
19791209306983,727
19791209307010,973
19791209307025,1215
19791209307039,490
19791209307054,1074
19791209307086,810
19791209307130,519
19791209307148,222
19791209307149,475
19791209307171,139
19791209307174,427
19791209307181,981
19791209307227,1096
19791209307231,860
19791209307237,210
19791209307253,966
19791209307288,1446
19791209307325,1400
19791209307327,1116
19791209307335,984
19791209307354,256
19791209307364,797
19791209307396,1048
19791209307409,1025
19791209307410,1014
19791209307467,133
19791209307487,194
19791209307499,534
19791209307514,1386
19791209307519,1124
19791209307538,168
19791209307548,1346
19791209307559,562
19791209307572,513
19791209307588,1234
19791209307615,1216
19791209307628,1379
19791209307645,714
19791209307710,404
19791209307712,478
19791209307733,469
19791209307746,550
19791209307760,1157
19791209307764,289
19791209307774,281
19791209307795,845
19791209307809,1285
19791209307862,990
19791209307886,374
19791209307924,1248
19791209307935,531
19791209307939,300
19791209307970,729
19791209307973,1124
19791209307977,193
19791209308003,830
19791209308109,767
19791209308116,654
19791209308118,1318
19791209308176,142
19791209308188,350
19791209308198,867
19791209308244,1257
19791209308248,612
19791209308253,1401
19791209308287,1298
19791209308288,211
19791209308301,211
19791209308329,571
19791209308336,686
19791209308379,747
19791209308394,1055
19791209308395,1265
19791209308443,678
19791209308454,1230
19791209308465,1315
19791209308472,1149
19791209308473,880
19791209308491,1270
19791209308494,181
19791209308541,1303
19791209308580,329
19791209308584,923
19791209308592,582
19791209308596,657
19791209308620,1122
19791209308662,597
19791209308664,646
19791209308691,794
19791209308709,936
19791209308728,1396
19791209308738,413
19791209308759,1172
19791209308774,972
19791209308812,665
19791209308875,902
19791209308883,276
19791209308889,375
19791209308966,872
19791209309004,1397
19791209309005,418
19791209309028,486
19791209309051,868
19791209309078,399
19791209309084,1248
19791209309107,1172
19791209309109,354
19791209309123,141
19791209309164,721
19791209309187,1451
19791209309192,1154
19791209309238,1367
19791209309258,945
19791209309287,812
19791209309295,797
19791209309314,871
19791209309341,1254
19791209309370,363
19791209309372,200
19791209309383,440
19791209309401,515
19791209309402,346
19791209309408,624
19791209309430,400
19791209309452,1360
19791209309469,1358
19791209309504,864
19791209309518,1223
19791209309546,1156
19791209309552,635
19791209309576,475
19791209309587,819
19791209309594,326
19791209309606,894
19791209309609,416
19791209309667,887
19791209309668,232
19791209309689,478
19791209309694,468
19791209309729,1193
19791209309737,1292
19791209309755,795
19791209309799,611
19791209309812,835
19791209309821,628
19791209309836,1413
19791209309850,721
19791209309851,1302
19791209309876,481
19791209309910,1384
19791209309927,348
19791209309939,1333
19791209309943,1296
19791209309948,746
19791209309975,353
19791209309999,1181
19791209310009,1335
19791209310025,592
19791209310032,1162
19791209310034,165
19791209310037,1407
19791209310055,280
19791209310082,845
19791209310084,1014
19791209310106,1075
19791209310116,676
19791209310126,222
19791209310127,943
19791209310144,996
19791209310154,1170
19791209310168,540
19791209310200,1432
19791209310212,917
19791209310216,605
19791209310226,756
19791209310231,442
19791209310240,1406
19791209310266,569
19791209310298,501
19791209310352,1351
19791209310408,152
19791209310412,358
19791209310428,457
19791209310465,956
19791209310484,743
19791209310492,963
19791209310496,1443
19791209310503,632
19791209310513,689
19791209310547,1337
19791209310560,1026
19791209310576,221
19791209310578,178
19791209310600,1432
19791209310617,1110
19791209310621,1384
19791209310657,490
19791209310670,258
19791209310672,690
19791209310713,594
19791209310714,235
19791209310718,773
19791209310741,609
19791209310747,316
19791209310793,165
19791209310800,464
19791209310811,268
19791209310814,1303
19791209310841,1162
19791209310844,346
19791209310852,477
19791209310859,375
19791209310888,1318
19791209310890,666
19791209310908,1273
19791209310925,504
19791209310937,462
19791209310943,482
21990232555526,411
21990232555527,339
21990232555607,234
21990232555615,968
21990232555638,1130
21990232555652,1122
21990232555672,494
21990232555746,946
21990232555763,1404
21990232555764,1429
21990232555784,1364
21990232555800,419
21990232555846,1064
21990232555849,1381
21990232555854,922
21990232555882,1165
21990232555891,119
21990232555930,578
21990232555936,1221
21990232555964,333
21990232555967,781
21990232555981,1227
21990232555982,959
21990232555989,934
21990232556039,269
21990232556043,1164
21990232556088,547
21990232556132,148
21990232556167,1119
21990232556222,751
21990232556223,336
21990232556235,209
21990232556242,229
21990232556244,192
21990232556253,536
21990232556254,418
21990232556269,1181
21990232556270,523
21990232556273,747
21990232556281,115
21990232556293,904
21990232556315,289
21990232556323,186
21990232556326,1227
21990232556332,1306
21990232556334,1140
21990232556337,1396
21990232556347,512
21990232556359,824
21990232556363,442
21990232556371,130
21990232556384,1413
21990232556400,761
21990232556407,1264
21990232556414,1417
21990232556419,1446
21990232556424,268
21990232556426,1197
21990232556427,1050
21990232556461,659
21990232556470,1328
21990232556474,1130
21990232556475,1374
21990232556503,1251
21990232556561,274
21990232556570,510
21990232556594,501
21990232556711,632
21990232556729,303
21990232556762,1363
21990232556765,1194
21990232556777,1442
21990232556800,708
21990232556814,659
21990232556830,692
21990232556842,693
21990232556858,1152
21990232556897,554
21990232556915,408
21990232556921,992
21990232556960,1229
21990232556962,459
21990232556992,294
21990232556998,421
21990232557015,1082
21990232557021,1134
21990232557022,805
21990232557029,1226
21990232557051,1189
21990232557128,1074
21990232557133,1072
21990232557137,795
21990232557143,120
21990232557152,248
21990232557218,1368
21990232557231,1217
21990232557237,1235
21990232557238,261
21990232557263,330
21990232557271,1154
21990232557282,594
21990232557291,1375
21990232557315,390
21990232557356,131
21990232557357,1244
21990232557360,1144
21990232557372,1070
21990232557382,187
21990232557384,1351
21990232557391,480
21990232557426,901
21990232557444,407
21990232557451,1237
21990232557515,844
21990232557517,1208
21990232557524,149
21990232557543,1365
21990232557565,481
21990232557572,529
21990232557577,1398
21990232557596,1126
21990232557614,919
21990232557637,196
21990232557678,938
21990232557683,923
21990232557685,1042
21990232557691,169
21990232557693,882
21990232557744,1238
21990232557756,1328
21990232557761,1043
21990232557764,558
21990232557774,1383
21990232557787,1373
21990232557790,423
21990232557851,593
21990232557875,1266
21990232557882,731
21990232557915,1353
21990232557945,1333
21990232557978,314
21990232558001,1070
21990232558041,1015
21990232558042,1127
21990232558051,838
21990232558087,235
21990232558090,1252
21990232558127,296
21990232558150,536
21990232558156,1052
21990232558174,320
21990232558181,909
21990232558187,568
21990232558192,944
21990232558201,408
21990232558216,983
21990232558220,959
21990232558227,539
21990232558231,656
21990232558236,655
21990232558265,706
21990232558284,664
21990232558285,1260
21990232558306,1352
21990232558316,1433
21990232558337,385
21990232558345,264
21990232558349,1053
21990232558383,376
21990232558405,272
21990232558438,259
21990232558442,1255
21990232558449,1266
21990232558473,1251
21990232558475,723
21990232558484,1157
21990232558547,405
21990232558584,1143
21990232558589,1082
21990232558590,1095
21990232558615,1096
21990232558617,1221
21990232558629,1233
21990232558751,861
21990232558757,934
21990232558763,1427
21990232558815,257
21990232558818,192
21990232558821,745
21990232558842,1048
21990232558843,1279
21990232558870,1162
21990232558893,303
21990232558904,545
21990232558907,150
21990232558917,1249
21990232558923,974
21990232558939,444
21990232558940,846
21990232558976,277
21990232558979,1393
21990232558994,777
21990232559015,854
21990232559017,575
21990232559067,718
21990232559074,1303
21990232559098,525
21990232559100,781
21990232559101,1223
21990232559103,1239
21990232559110,517
21990232559111,185
21990232559158,790
21990232559183,541
21990232559185,796
21990232559187,1285
21990232559202,1401
21990232559210,998
21990232559245,500
21990232559260,977
21990232559271,1099
21990232559276,942
21990232559300,253
21990232559334,944
21990232559362,115
21990232559401,853
21990232559455,654
21990232559458,802
21990232559472,780
21990232559485,370
21990232559495,670
21990232559503,1395
21990232559522,997
21990232559524,854
21990232559545,822
21990232559549,214
21990232559571,1257
21990232559594,886
21990232559598,1227
21990232559620,1083
21990232559659,1122
21990232559670,1318
21990232559677,834
21990232559680,372
21990232559725,1439
21990232559802,472
21990232559810,191
21990232559812,819
21990232559851,252
21990232559877,797
21990232559881,1038
21990232559891,1451
21990232559896,1396
21990232559902,959
21990232559910,1019
21990232559922,1441
21990232559927,897
21990232559935,261
21990232559939,253
21990232559975,560
21990232559990,807
21990232560000,189
21990232560005,314
21990232560028,879
21990232560034,316
21990232560076,251
21990232560095,621
21990232560122,807
21990232560154,972
21990232560173,918
21990232560175,1168
21990232560181,295
21990232560182,530
21990232560245,1242
21990232560294,1267
21990232560316,1394
21990232560325,144
21990232560331,828
21990232560354,1168
21990232560358,191
21990232560382,839
21990232560383,1363
21990232560392,1027
21990232560417,1276
21990232560452,587
21990232560456,495
21990232560487,540
21990232560489,731
21990232560493,529
21990232560498,1069
21990232560501,1091
21990232560544,590
21990232560545,1063
21990232560596,947
21990232560612,994
21990232560648,365
21990232560671,1050
21990232560674,355
21990232560723,258
21990232560724,1207
21990232560745,128
21990232560747,1074
21990232560753,1304
21990232560760,369
21990232560776,273
21990232560787,1201
21990232560852,402
21990232560861,830
21990232560877,1431
21990232560887,474
21990232560914,1127
21990232560941,909
21990232560968,1339
21990232560979,275
21990232561021,1301
21990232561028,715
21990232561050,1128
21990232561057,594
21990232561092,116
21990232561102,942
21990232561130,487
21990232561152,339
21990232561154,1368
21990232561182,640
21990232561193,448
21990232561229,902
21990232561238,497
21990232561254,776
21990232561265,317
21990232561276,1125
21990232561284,1450
21990232561324,282
21990232561332,670
21990232561368,205
21990232561382,592
21990232561386,1245
21990232561431,440
21990232561457,944
21990232561467,639
21990232561468,1424
21990232561480,397
21990232561512,1395
21990232561529,376
21990232561531,924
21990232561537,1101
21990232561591,220
21990232561592,373
21990232561594,398
21990232561596,985
21990232561626,823
21990232561641,460
21990232561648,283
21990232561652,875
21990232561666,653
21990232561686,395
21990232561706,254
21990232561740,556
21990232561742,131
21990232561767,957
21990232561779,1207
21990232561810,304
21990232561816,620
21990232561837,1378
21990232561844,426
21990232561857,1134
21990232561862,211
21990232561874,837
21990232561877,127
21990232561902,237
21990232561926,731
21990232561935,382
21990232561939,1204
21990232561945,152
21990232561951,277
21990232561952,346
21990232561974,1367
21990232561998,484
21990232562016,858
21990232562040,1427
21990232562043,617
21990232562079,402
21990232562086,1127
21990232562116,1243
21990232562128,1012
21990232562157,772
21990232562162,915
21990232562170,1032
21990232562215,479
21990232562220,892
21990232562223,764
21990232562293,1389
21990232562309,1441
21990232562343,1291
21990232562348,537
21990232562377,1167
21990232562378,373
21990232562392,131
21990232562514,1440
21990232562518,518
21990232562522,1425
21990232562526,1231
21990232562533,1001
21990232562554,533
21990232562565,836
21990232562571,768
21990232562589,619
21990232562692,361
21990232562730,1394
21990232562731,932
21990232562754,1099
21990232562772,1173
21990232562796,1175
21990232562809,305
21990232562813,937
21990232562836,580
21990232562838,700
21990232562845,958
21990232562846,1397
21990232562855,943
21990232562888,729
21990232562901,719
21990232562958,773
21990232562968,944
21990232562970,589
21990232563001,1340
21990232563036,789
21990232563044,677
21990232563047,1317
21990232563055,353
21990232563067,892
21990232563073,428
21990232563083,1085
21990232563115,754
21990232563129,295
21990232563186,216
21990232563189,682
21990232563202,1233
21990232563252,1440
21990232563255,220
21990232563309,1390
21990232563317,349
21990232563339,1187
21990232563343,932
21990232563362,173
21990232563366,390
21990232563405,955
21990232563432,1425
21990232563454,409
21990232563456,1403
21990232563458,941
21990232563479,424
21990232563483,406
21990232563484,130
21990232563493,538
21990232563518,1044
21990232563527,160
21990232563544,420
21990232563549,499
21990232563572,1417
21990232563603,828
21990232563609,183
21990232563617,1075
21990232563637,162
21990232563660,1210
21990232563682,184
21990232563711,787
21990232563715,1152
21990232563720,501
21990232563743,533
21990232563754,811
21990232563793,1316
21990232563798,134
21990232563803,1149
21990232563806,1050
21990232563812,641
21990232563823,521
21990232563832,1259
21990232563868,810
21990232563872,768
21990232563874,927
21990232563875,1295
21990232563893,1340
21990232563916,1358
21990232563936,362
21990232563972,346
21990232563982,1170
21990232564015,1260
21990232564029,1385
21990232564042,874
21990232564056,378
21990232564061,1176
21990232564096,1046
21990232564097,835
21990232564129,529
21990232564131,316
21990232564133,1291
21990232564135,453
21990232564149,1217
21990232564170,965
21990232564251,796
21990232564254,1166
21990232564278,694
21990232564309,832
21990232564322,1024
21990232564323,1069
21990232564348,1126
21990232564358,860
21990232564384,1362
21990232564391,141
21990232564402,741
21990232564463,1310
21990232564477,317
21990232564483,1307
21990232564522,490
21990232564529,191
21990232564534,621
21990232564536,915
21990232564566,547
21990232564579,225
21990232564592,437
21990232564593,283
21990232564614,1042
21990232564616,1088
21990232564620,248
21990232564635,1280
21990232564645,295
21990232564646,1360
21990232564654,668
21990232564687,1320
21990232564752,503
21990232564763,612
21990232564780,921
21990232564788,239
21990232564793,736
21990232564808,651
21990232564832,904
21990232564841,257
21990232564868,912
21990232564878,420
21990232564880,915
21990232564899,181
21990232564904,891
21990232564929,545
21990232564932,436
21990232564973,749
21990232564978,1417
21990232564988,1103
21990232565005,909
21990232565010,755
21990232565012,1184
21990232565020,1415
21990232565037,1212
21990232565039,900
21990232565046,217
21990232565049,518
21990232565065,1212
21990232565071,349
21990232565087,555
21990232565116,528
21990232565131,1308
21990232565148,404
21990232565178,657
21990232565184,761
21990232565211,267
21990232565214,516
21990232565221,708
21990232565235,1046
21990232565270,848
21990232565298,757
21990232565302,489
21990232565311,675
21990232565459,943
21990232565463,387
21990232565493,1039
21990232565541,945
21990232565548,1224
21990232565563,843
21990232565602,938
21990232565605,1010
21990232565614,1386
21990232565623,835
21990232565630,520
21990232565643,1096
21990232565672,758
21990232565702,1087
21990232565710,332
21990232565750,1036
21990232565753,1209
21990232565765,1011
21990232565775,1006
21990232565777,1087
21990232565800,164
21990232565874,1063
21990232565877,1090
21990232565902,1108
21990232565911,670
21990232565937,1355
21990232565943,1434
21990232565951,882
21990232565966,295
21990232565979,1243
21990232565992,1186
21990232565996,680
21990232566010,497
21990232566020,296
21990232566054,1394
21990232566059,637
21990232566075,1439
21990232566078,1391
21990232566080,495
21990232566091,273
21990232566100,611
21990232566108,116
21990232566144,1091
21990232566150,136
21990232566157,608
21990232566189,183
21990232566195,1222
21990232566203,955
21990232566225,595
21990232566245,862
21990232566253,466
21990232566260,115
21990232566339,1397
21990232566347,1310
21990232566399,1349
21990232566422,1124
21990232566466,925
21990232566480,715
21990232566494,1281
21990232566501,927
24189255811081,510
24189255811104,737
24189255811121,144
24189255811193,1416
24189255811225,1319
24189255811291,624
24189255811299,445
24189255811301,1345
24189255811330,843
24189255811363,140
24189255811379,1199
24189255811395,1205
24189255811415,397
24189255811417,1082
24189255811429,944
24189255811436,1326
24189255811464,158
24189255811465,782
24189255811473,621
24189255811489,315
24189255811492,391
24189255811514,1298
24189255811542,544
24189255811549,713
24189255811550,835
24189255811551,1050
24189255811579,968
24189255811631,120
24189255811653,1066
24189255811657,427
24189255811663,1011
24189255811665,604
24189255811688,761
24189255811729,591
24189255811740,1132
24189255811742,589
24189255811750,801
24189255811759,252
24189255811792,463
24189255811793,257
24189255811800,134
24189255811817,165
24189255811847,460
24189255811866,410
24189255811879,884
24189255811880,254
24189255811887,467
24189255811891,1271
24189255811907,183
24189255811945,520
24189255811947,270
24189255811963,1383
24189255811994,392
24189255811996,251
24189255812000,259
24189255812002,1310
24189255812032,832
24189255812073,948
24189255812089,1130
24189255812100,1080
24189255812101,1425
24189255812121,615
24189255812170,1071
24189255812191,475
24189255812244,854
24189255812280,574
24189255812297,561
24189255812302,877
24189255812307,855
24189255812324,449
24189255812426,750
24189255812444,1449
24189255812497,342
24189255812518,436
24189255812529,365
24189255812566,499
24189255812571,679
24189255812587,1152
24189255812594,708
24189255812597,793
24189255812605,897
24189255812612,448
24189255812614,187
24189255812624,466
24189255812627,1194
24189255812628,1158
24189255812667,281
24189255812678,1357
24189255812705,839
24189255812710,623
24189255812716,1029
24189255812808,265
24189255812811,633
24189255812819,195
24189255812829,168
24189255812874,502
24189255812878,752
24189255812888,295
24189255812892,158
24189255812897,277
24189255812925,650
24189255812961,1416
24189255812964,1107
24189255812980,785
24189255813021,216
24189255813043,1117
24189255813075,1123
24189255813087,547
24189255813092,525
24189255813105,1323
24189255813116,275
24189255813126,1357
24189255813130,879
24189255813132,901
24189255813160,1261
24189255813161,721
24189255813170,515
24189255813206,507
24189255813210,1423
24189255813218,436
24189255813268,656
24189255813300,928
24189255813303,1276
24189255813332,972
24189255813343,1072
24189255813350,993
24189255813359,793
24189255813383,632
24189255813401,414
24189255813411,199
24189255813437,1115
24189255813442,505
24189255813464,1210
24189255813482,625
24189255813483,772
24189255813490,1015
24189255813515,1394
24189255813538,509
24189255813561,1005
24189255813562,221
24189255813572,373
24189255813580,1001
24189255813604,196
24189255813630,1284
24189255813667,419
24189255813695,1209
24189255813699,1430
24189255813721,403
24189255813722,1342
24189255813751,294
24189255813798,551
24189255813846,223
24189255813857,1206
24189255813874,785
24189255813891,674
24189255813899,325
24189255813906,1002
24189255813909,451
24189255813915,475
24189255813923,1165
24189255813952,1371
24189255813958,214
24189255813959,1403
24189255813971,1167
24189255813991,1085
24189255813996,526
24189255814010,562
24189255814034,465
24189255814035,240
24189255814051,1192
24189255814058,1212
24189255814062,1423
24189255814147,821
24189255814155,771
24189255814157,160
24189255814161,1365
24189255814191,1222
24189255814201,1298
24189255814219,477
24189255814240,1406
24189255814262,1012
24189255814268,128
24189255814319,1126
24189255814328,444
24189255814377,1122
24189255814378,693
24189255814382,957
24189255814412,1317
24189255814457,1113
24189255814478,119
24189255814548,1043
24189255814561,792
24189255814562,509
24189255814596,918
24189255814598,162
24189255814616,625
24189255814629,198
24189255814636,794
24189255814647,402
24189255814671,1154
24189255814676,1134
24189255814691,521
24189255814693,361
24189255814731,1279
24189255814759,582
24189255814788,915
24189255814830,630
24189255814832,409
24189255814845,457
24189255814847,529
24189255814889,386
24189255814904,1439
24189255814908,435
24189255814938,142
24189255814957,1099
24189255814958,1328
24189255814976,1019
24189255815015,1289
24189255815025,1387
24189255815068,980
24189255815070,142
24189255815100,1249
24189255815107,640
24189255815109,591
24189255815118,648
24189255815167,388
24189255815184,197
24189255815193,1184
24189255815194,703
24189255815198,652
24189255815212,807
24189255815227,1432
24189255815235,995
24189255815241,1124
24189255815265,114
24189255815274,1287
24189255815284,828
24189255815317,983
24189255815329,1209
24189255815385,400
24189255815387,486
24189255815399,197
24189255815408,261
24189255815416,1238
24189255815442,1114
24189255815466,1154
24189255815486,817
24189255815502,973
24189255815503,989
24189255815532,422
24189255815533,556
24189255815582,776
24189255815615,1367
24189255815622,501
24189255815667,651
24189255815673,887
24189255815677,1047
24189255815769,1010
24189255815778,1292
24189255815805,1148
24189255815812,1122
24189255815851,832
24189255815852,756
24189255815857,1423
24189255815879,1242
24189255815890,628
24189255815918,1020
24189255815921,811
24189255815947,268
24189255815972,121
24189255815975,965
24189255816040,1252
24189255816047,229
24189255816049,1026
24189255816079,942
24189255816110,1424
24189255816117,603
24189255816129,1098
24189255816185,1014
24189255816221,1424
24189255816238,1428
24189255816264,633
24189255816268,1088
24189255816269,1060
24189255816308,385
24189255816317,195
24189255816318,522
24189255816325,998
24189255816344,981
24189255816377,1312
24189255816386,981
24189255816424,427
24189255816435,463
24189255816459,1442
24189255816463,1218
24189255816500,525
24189255816501,266
24189255816534,1264
24189255816544,1288
24189255816551,718
24189255816553,753
24189255816556,621
24189255816568,601
24189255816577,362
24189255816584,333
24189255816595,1193
24189255816612,1170
24189255816630,1093
24189255816639,546
24189255816670,822
24189255816681,537
24189255816703,750
24189255816711,1296
24189255816763,1040
24189255816767,952
24189255816803,1188
24189255816810,1122
24189255816812,489
24189255816815,747
24189255816872,1198
24189255816883,515
24189255816893,1257
24189255816910,1022
24189255816941,525
24189255816982,147
24189255817033,353
24189255817057,356
24189255817058,626
24189255817059,812
24189255817062,1097
24189255817076,171
24189255817090,419
24189255817108,1286
24189255817133,730
24189255817135,275
24189255817142,575
24189255817147,865
24189255817170,1057
24189255817177,634
24189255817190,1257
24189255817207,518
24189255817213,1066
24189255817257,738
24189255817300,1153
24189255817328,359
24189255817356,473
24189255817359,246
24189255817360,337
24189255817385,1034
24189255817387,691
24189255817411,1429
24189255817423,356
24189255817427,532
24189255817431,139
24189255817433,711
24189255817462,1352
24189255817480,826
24189255817498,720
24189255817544,242
24189255817546,710
24189255817555,986
24189255817567,1189
24189255817581,959
24189255817587,1026
24189255817610,1106
24189255817625,321
24189255817633,650
24189255817653,1365
24189255817666,685
24189255817674,1136
24189255817676,754
24189255817687,367
24189255817701,1214
24189255817708,562
24189255817794,1425
24189255817821,638
24189255817882,808
24189255817906,1274
24189255817916,1344
24189255817928,1415
24189255817973,373
24189255817979,203
24189255817991,377
24189255817995,746
24189255818023,568
24189255818148,427
24189255818153,170
24189255818181,591
24189255818204,1078
24189255818288,1157
24189255818289,552
24189255818293,1180
24189255818303,795
24189255818305,1242
24189255818353,698
24189255818358,445
24189255818363,1045
24189255818393,1146
24189255818402,1173
24189255818403,1110
24189255818426,815
24189255818469,972
24189255818478,731
24189255818481,858
24189255818493,1076
24189255818498,526
24189255818501,658
24189255818507,777
24189255818532,1002
24189255818537,897
24189255818573,585
24189255818582,590
24189255818587,719
24189255818624,363
24189255818627,655
24189255818632,1322
24189255818641,450
24189255818649,1238
24189255818661,1394
24189255818695,374
24189255818704,1286
24189255818708,1285
24189255818711,1245
24189255818739,504
24189255818758,780
24189255818777,1000
24189255818790,974
24189255818791,699
24189255818796,1199
24189255818800,1077
24189255818810,905
24189255818812,133
24189255818824,507
24189255818842,276
24189255818867,961
24189255818888,792
24189255818900,1149
24189255818910,650
24189255818915,348
24189255818920,890
24189255818921,676
24189255818927,1450
24189255818934,836
24189255818938,253
24189255818939,156
24189255818972,254
24189255818980,307
24189255819001,555
24189255819018,1271
24189255819023,368
24189255819062,795
24189255819063,125
24189255819075,758
24189255819086,554
24189255819091,218
24189255819104,873
24189255819164,1345
24189255819188,466
24189255819199,1216
24189255819262,791
24189255819288,353
24189255819293,306
24189255819317,1241
24189255819327,615
24189255819335,1352
24189255819379,432
24189255819403,893
24189255819419,579
24189255819422,234
24189255819454,221
24189255819469,1213
24189255819472,1399
24189255819490,420
24189255819492,607
24189255819503,574
24189255819508,540
24189255819535,764
24189255819538,741
24189255819560,232
24189255819618,1226
24189255819622,228
24189255819631,1375
24189255819635,1142
24189255819695,1247
24189255819742,726
24189255819756,1326
24189255819764,909
24189255819781,1423
24189255819815,1324
24189255819835,1275
24189255819844,583
24189255819847,1124
24189255819848,396
24189255819849,673
24189255819853,1348
24189255819859,318
24189255819865,1391
24189255819893,901
24189255819922,1359
24189255819950,505
24189255819952,924
24189255820008,1272
24189255820028,1093
24189255820059,648
24189255820065,833
24189255820068,337
24189255820136,1286
24189255820156,1251
24189255820196,849
24189255820261,1046
24189255820326,196
24189255820389,599
24189255820397,634
24189255820403,1434
24189255820411,831
24189255820429,974
24189255820431,1247
24189255820475,1229
24189255820483,710
24189255820514,969
24189255820554,1360
24189255820563,153
24189255820571,1002
24189255820575,742
24189255820587,281
24189255820597,682
24189255820607,1385
24189255820712,123
24189255820715,342
24189255820729,1368
24189255820731,1061
24189255820753,1065
24189255820757,166
24189255820776,1246
24189255820817,375
24189255820824,1441
24189255820852,604
24189255820877,311
24189255820887,178
24189255820893,1168
24189255820901,271
24189255820902,313
24189255820910,189
24189255820950,774
24189255820959,1301
24189255820983,1426
24189255820986,412
24189255820988,718
24189255821023,849
24189255821027,1175
24189255821092,124
24189255821098,1207
24189255821107,1282
24189255821123,1322
24189255821139,195
24189255821191,1012
24189255821214,371
24189255821234,1332
24189255821237,430
24189255821247,542
24189255821296,1099
24189255821313,1341
24189255821340,1053
24189255821368,898
24189255821415,819
24189255821424,1011
24189255821437,964
24189255821460,542
24189255821466,128
24189255821481,1265
24189255821493,1108
24189255821521,745
24189255821523,1230
24189255821529,452
24189255821563,748
24189255821585,803
24189255821591,1405
24189255821634,506
24189255821687,975
24189255821690,1304
24189255821705,241
24189255821722,229
24189255821733,1134
24189255821756,1359
24189255821795,907
24189255821798,340
24189255821835,1239
24189255821847,323
24189255821868,420
24189255821869,618
24189255821870,891
24189255821907,379
24189255821910,1354
24189255821920,322
24189255821922,1064
24189255821993,1318
24189255821997,1430
24189255822038,1328
24189255822048,899
24189255822052,1319
24189255822055,154
26388279066632,958
26388279066641,1226
26388279066650,125
26388279066664,588
26388279066679,1075
26388279066695,1321
26388279066702,1151
26388279066716,1322
26388279066720,405
26388279066721,172
26388279066760,847
26388279066798,1327
26388279066810,1005
26388279066860,971
26388279066866,154
26388279066894,1109
26388279066927,1037
26388279066965,117
26388279066971,313
26388279066976,178
26388279067006,1042
26388279067038,289
26388279067058,1408
26388279067076,411
26388279067117,1298
26388279067124,883
26388279067145,1163
26388279067170,834
26388279067179,425
26388279067181,288
26388279067191,949
26388279067193,1273
26388279067197,1340
26388279067201,1257
26388279067216,1393
26388279067239,405
26388279067277,1017
26388279067280,488
26388279067286,1123
26388279067290,772
26388279067298,1379
26388279067429,198
26388279067465,126
26388279067483,262
26388279067485,1122
26388279067496,1123
26388279067500,1140
26388279067537,1192
26388279067568,617
26388279067586,422
26388279067618,192
26388279067645,938
26388279067678,1287
26388279067687,1062
26388279067706,1407
26388279067728,1049
26388279067747,917
26388279067767,588
26388279067777,1142
26388279067780,1028
26388279067792,464
26388279067794,317
26388279067805,464
26388279067812,590
26388279067819,1071
26388279067830,882
26388279067870,402
26388279067900,1029
26388279067916,985
26388279067921,1080
26388279067953,1393
26388279067990,1276
26388279068012,874
26388279068050,426
26388279068077,491
26388279068116,1068
26388279068117,502
26388279068136,712
26388279068163,1065
26388279068167,1058
26388279068171,692
26388279068217,1131
26388279068253,184
26388279068272,872
26388279068284,1162
26388279068286,858
26388279068296,513
26388279068311,862
26388279068313,325
26388279068315,1181
26388279068329,523
26388279068359,827
26388279068401,511
26388279068437,128
26388279068465,1446
26388279068547,1341
26388279068624,624
26388279068659,389
26388279068667,113
26388279068695,1418
26388279068701,359
26388279068727,1098
26388279068737,386
26388279068748,1292
26388279068749,1004
26388279068759,1325
26388279068768,321
26388279068792,937
26388279068799,223
26388279068831,1412
26388279068844,928
26388279068906,473
26388279068919,348
26388279068951,1027
26388279068960,1099
26388279068970,173
26388279068973,885
26388279068983,232
26388279068985,581
26388279069014,1280
26388279069021,334
26388279069027,596
26388279069031,1186
26388279069036,498
26388279069077,203
26388279069086,581
26388279069094,682
26388279069116,164
26388279069119,672
26388279069125,678
26388279069173,1122
26388279069225,640
26388279069261,720
26388279069262,373
26388279069263,424
26388279069281,274
26388279069292,659
26388279069299,1441
26388279069314,1436
26388279069326,1349
26388279069330,1168
26388279069333,1440
26388279069377,392
26388279069397,1153
26388279069450,623
26388279069455,956
26388279069478,112
26388279069479,908
26388279069544,187
26388279069551,1087
26388279069585,1032
26388279069621,375
26388279069626,772
26388279069704,1175
26388279069712,661
26388279069726,560
26388279069740,202
26388279069747,916
26388279069749,727
26388279069754,1417
26388279069775,1057
26388279069781,1263
26388279069787,951
26388279069794,405
26388279069802,559
26388279069810,834
26388279069826,132
26388279069829,897
26388279069846,831
26388279069854,704
26388279069862,1337
26388279069864,968
26388279069873,943
26388279069954,494
26388279069970,352
26388279069972,805
26388279069992,878
26388279070091,328
26388279070105,916
26388279070147,1148
26388279070161,1259
26388279070165,398
26388279070173,386
26388279070190,170
26388279070206,1030
26388279070241,811
26388279070251,1185
26388279070256,237
26388279070276,171
26388279070281,211
26388279070333,1447
26388279070334,702
26388279070346,1140
26388279070357,331
26388279070359,1386
26388279070374,1350
26388279070378,245
26388279070396,1216
26388279070439,219
26388279070452,451
26388279070472,813
26388279070477,131
26388279070481,548
26388279070484,1118
26388279070488,1367
26388279070496,1161
26388279070502,507
26388279070530,1116
26388279070531,719
26388279070536,872
26388279070601,585
26388279070673,561
26388279070680,392
26388279070687,499
26388279070710,1204
26388279070818,918
26388279070832,226
26388279070846,843
26388279070850,1354
26388279070868,1274
26388279070923,1080
26388279070926,1361
26388279070933,889
26388279070966,581
26388279070986,355
26388279070993,1224
26388279071044,1080
26388279071061,758
26388279071081,1226
26388279071096,300
26388279071108,122
26388279071115,551
26388279071119,993
26388279071144,1327
26388279071146,241
26388279071152,422
26388279071176,997
26388279071195,310
26388279071220,1064
26388279071234,1114
26388279071238,894
26388279071255,1108
26388279071265,1240
26388279071276,579
26388279071289,1202
26388279071292,523
26388279071325,1110
26388279071328,1011
26388279071345,304
26388279071347,1244
26388279071386,720
26388279071390,186
26388279071391,945
26388279071395,387
26388279071410,693
26388279071416,1053
26388279071425,725
26388279071474,896
26388279071519,489
26388279071554,539
26388279071572,886
26388279071603,867
26388279071638,1216
26388279071642,919
26388279071690,660
26388279071726,537
26388279071774,1205
26388279071780,867
26388279071782,458
26388279071809,695
26388279071843,1411
26388279071878,1048
26388279071897,617
26388279071955,1437
26388279071958,844
26388279072001,907
26388279072025,1211
26388279072028,1262
26388279072031,1309
26388279072078,1281
26388279072084,1138
26388279072097,835
26388279072115,426
26388279072135,1004
26388279072139,1134
26388279072145,201
26388279072146,470
26388279072171,547
26388279072183,1408
26388279072195,1202
26388279072203,1366
26388279072218,554
26388279072223,786
26388279072230,1095
26388279072244,1424
26388279072246,1134
26388279072250,789
26388279072272,1138
26388279072313,449
26388279072317,122
26388279072343,309
26388279072438,608
26388279072440,332
26388279072444,976
26388279072448,1161
26388279072505,995
26388279072526,782
26388279072624,1441
26388279072626,901
26388279072632,480
26388279072648,1018
26388279072658,609
26388279072670,956
26388279072674,436
26388279072682,962
26388279072693,1118
26388279072707,1121
26388279072711,376
26388279072724,686
26388279072725,566
26388279072733,390
26388279072755,1165
26388279072783,312
26388279072795,446
26388279072801,1399
26388279072833,450
26388279072860,609
26388279072874,1183
26388279072907,1109
26388279072927,1243
26388279072936,247
26388279073037,363
26388279073044,1114
26388279073081,841
26388279073086,1003
26388279073100,668
26388279073115,1419
26388279073122,1087
26388279073127,389
26388279073149,884
26388279073167,1312
26388279073169,1035
26388279073212,1064
26388279073214,828
26388279073268,690
26388279073287,627
26388279073300,241
26388279073330,1168
26388279073350,1186
26388279073393,291
26388279073403,1376
26388279073421,779
26388279073431,666
26388279073436,336
26388279073437,808
26388279073459,354
26388279073462,695
26388279073479,1159
26388279073485,501
26388279073505,697
26388279073518,1314
26388279073539,112
26388279073561,430
26388279073591,1241
26388279073603,528
26388279073632,167
26388279073659,1322
26388279073672,1226
26388279073679,572
26388279073680,480
26388279073696,1225
26388279073703,839
26388279073715,1118
26388279073722,281
26388279073755,564
26388279073760,1337
26388279073777,649
26388279073808,594
26388279073823,164
26388279073849,157
26388279073851,881
26388279073879,336
26388279073943,1061
26388279073948,290
26388279073965,1110
26388279073974,1339
26388279073985,866
26388279074006,1190
26388279074008,124
26388279074042,797
26388279074055,208
26388279074069,661
26388279074112,367
26388279074115,474
26388279074133,840
26388279074147,454
26388279074180,440
26388279074181,844
26388279074192,893
26388279074216,428
26388279074218,933
26388279074235,266
26388279074241,994
26388279074259,1316
26388279074273,458
26388279074274,264
26388279074283,719
26388279074288,575
26388279074297,497
26388279074322,266
26388279074337,991
26388279074345,1422
26388279074347,1446
26388279074370,163
26388279074382,1156
26388279074398,1221
26388279074427,1036
26388279074442,784
26388279074456,807
26388279074501,199
26388279074506,276
26388279074510,976
26388279074528,1449
26388279074552,1306
26388279074596,1386
26388279074607,953
26388279074617,577
26388279074645,279
26388279074647,161
26388279074671,1318
26388279074683,1313
26388279074690,1004
26388279074714,1182
26388279074719,891
26388279074756,1007
26388279074760,243
26388279074767,933
26388279074776,532
26388279074782,1010
26388279074790,829
26388279074873,1044
26388279074881,1265
26388279074893,1188
26388279074895,1187
26388279074906,1158
26388279074932,398
26388279074937,536
26388279074946,508
26388279074953,541
26388279074968,1003
26388279074970,1020
26388279074975,353
26388279075022,1394
26388279075046,858
26388279075052,780
26388279075069,1439
26388279075079,603
26388279075120,672
26388279075178,425
26388279075181,166
26388279075212,997
26388279075222,213
26388279075244,565
26388279075263,219
26388279075280,1401
26388279075289,1017
26388279075346,576
26388279075360,1249
26388279075369,1427
26388279075378,1388
26388279075393,509
26388279075435,324
26388279075436,819
26388279075461,254
26388279075489,826
26388279075499,925
26388279075503,621
26388279075513,344
26388279075550,165
26388279075569,683
26388279075572,442
26388279075592,999
26388279075634,1207
26388279075645,591
26388279075693,719
26388279075710,1043
26388279075711,574
26388279075712,760
26388279075723,531
26388279075729,181
26388279075756,1387
26388279075800,186
26388279075811,1145
26388279075824,1145
26388279075858,248
26388279075872,1040
26388279075887,1425
26388279075919,792
26388279075925,1429
26388279075933,250
26388279075939,742
26388279075990,174
26388279076040,569
26388279076049,448
26388279076081,278
26388279076098,646
26388279076117,632
26388279076120,1331
26388279076144,1236
26388279076164,555
26388279076238,412
26388279076246,517
26388279076285,583
26388279076321,892
26388279076344,1196
26388279076361,711
26388279076370,752
26388279076388,1086
26388279076395,934
26388279076421,917
26388279076423,662
26388279076425,1338
26388279076435,590
26388279076471,1447
26388279076493,117
26388279076501,448
26388279076520,378
26388279076533,1130
26388279076555,1006
26388279076565,1413
26388279076572,1360
26388279076576,571
26388279076582,184
26388279076625,745
26388279076638,703
26388279076639,1390
26388279076643,952
26388279076700,1353
26388279076713,1175
26388279076723,271
26388279076726,253
26388279076729,288
26388279076737,359
26388279076777,323
26388279076779,1388
26388279076793,1410
26388279076807,1297
26388279076853,262
26388279076862,333
26388279076874,373
26388279076889,263
26388279076893,1240
26388279076936,404
26388279076958,1157
26388279076975,144
26388279077017,331
26388279077079,1387
26388279077102,139
26388279077125,940
26388279077183,367
26388279077193,295
26388279077252,787
26388279077255,704
26388279077260,318
26388279077292,1194
26388279077315,1362
26388279077351,569
26388279077353,567
26388279077358,1006
26388279077377,495
26388279077405,723
26388279077411,817
26388279077423,1234
26388279077428,115
26388279077439,557
26388279077457,1183
26388279077471,113
26388279077489,398
26388279077521,1123
26388279077527,755
28587302322180,554
28587302322191,426
28587302322196,531
28587302322210,972
28587302322238,1119
28587302322239,600
28587302322241,1203
28587302322250,235
28587302322257,729
28587302322267,126
28587302322279,1181
28587302322286,880
28587302322295,443
28587302322334,780
28587302322352,1177
28587302322478,1312
28587302322497,449
28587302322498,773
28587302322536,280
28587302322541,363
28587302322571,582
28587302322576,1147
28587302322607,1258
28587302322633,844
28587302322635,1239
28587302322648,240
28587302322659,981
28587302322667,586
28587302322670,1447
28587302322705,829
28587302322712,1356
28587302322713,1189
28587302322738,1004
28587302322751,444
28587302322770,1229
28587302322777,153
28587302322779,703
28587302322780,461
28587302322781,1248
28587302322800,269
28587302322802,709
28587302322803,764
28587302322826,290
28587302322835,1086
28587302322867,264
28587302322869,902
28587302322881,1396
28587302322882,263
28587302322889,1110
28587302322890,257
28587302322903,1295
28587302322905,1093
28587302322908,541
28587302322913,216
28587302322918,1032
28587302322944,1011
28587302323020,936
28587302323030,481
28587302323058,1163
28587302323068,267
28587302323073,343
28587302323105,1065
28587302323109,1353
28587302323137,1307
28587302323140,275
28587302323171,325
28587302323224,394
28587302323229,703
28587302323238,546
28587302323240,467
28587302323273,1062
28587302323289,716
28587302323292,584
28587302323297,1058
28587302323318,187
28587302323353,1069
28587302323380,999
28587302323391,1282
28587302323443,628
28587302323446,1294
28587302323528,225
28587302323567,1035
28587302323605,572
28587302323624,940
28587302323627,410
28587302323643,196
28587302323646,450
28587302323647,141
28587302323666,910
28587302323696,1061
28587302323699,1209
28587302323750,1147
28587302323781,136
28587302323785,640
28587302323831,285
28587302323833,1350
28587302323845,912
28587302323853,1064
28587302323862,1146
28587302323866,1232
28587302323885,674
28587302323895,1382
28587302323901,472
28587302323906,1366
28587302323921,1313
28587302323955,504
28587302323956,1170
28587302323960,943
28587302323988,541
28587302323991,205
28587302324005,1208
28587302324006,1166
28587302324049,1000
28587302324062,1425
28587302324075,122
28587302324093,375
28587302324111,1424
28587302324117,1336
28587302324142,370
28587302324184,841
28587302324197,608
28587302324205,350
28587302324262,631
28587302324276,339
28587302324308,462
28587302324317,1083
28587302324332,174
28587302324336,1417
28587302324365,1246
28587302324369,766
28587302324370,856
28587302324373,317
28587302324385,720
28587302324413,891
28587302324416,877
28587302324444,1075
28587302324452,572
28587302324453,123
28587302324468,867
28587302324478,1316
28587302324486,1157
28587302324488,292
28587302324490,781
28587302324492,1392
28587302324529,1048
28587302324562,283
28587302324585,1025
28587302324592,1376
28587302324593,591
28587302324596,756
28587302324620,370
28587302324633,380
28587302324637,1344
28587302324694,485
28587302324695,1036
28587302324720,349
28587302324723,615
28587302324732,327
28587302324736,689
28587302324767,454
28587302324779,276
28587302324780,332
28587302324794,920
28587302324802,1289
28587302324810,503
28587302324853,1431
28587302324858,666
28587302324888,1428
28587302324889,1013
28587302324893,778
28587302324919,800
28587302324943,1382
28587302324983,599
28587302324990,1197
28587302324997,692
28587302324999,892
28587302325008,766
28587302325015,397
28587302325029,1334
28587302325080,511
28587302325084,615
28587302325087,592
28587302325089,575
28587302325102,294
28587302325133,547
28587302325158,143
28587302325190,1249
28587302325210,1044
28587302325225,773
28587302325228,1432
28587302325233,316
28587302325244,643
28587302325308,386
28587302325350,1419
28587302325356,618
28587302325364,419
28587302325374,585
28587302325384,262
28587302325385,833
28587302325387,258
28587302325418,1378
28587302325438,1434
28587302325445,1391
28587302325449,1250
28587302325462,218
28587302325464,368
28587302325483,476
28587302325519,383
28587302325520,159
28587302325575,978
28587302325599,1159
28587302325603,1225
28587302325677,847
28587302325729,872
28587302325739,450
28587302325788,618
28587302325790,153
28587302325820,1113
28587302325821,764
28587302325862,552
28587302325868,405
28587302325881,440
28587302325902,180
28587302325920,610
28587302325923,820
28587302325954,1368
28587302326010,1217
28587302326092,193
28587302326093,212
28587302326101,274
28587302326105,920
28587302326124,269
28587302326134,919
28587302326137,1143
28587302326207,820
28587302326208,128
28587302326218,903
28587302326224,740
28587302326226,965
28587302326241,503
28587302326248,1271
28587302326253,985
28587302326269,1388
28587302326272,266
28587302326290,1379
28587302326303,534
28587302326308,876
28587302326309,1213
28587302326347,1360
28587302326353,175
28587302326356,363
28587302326380,887
28587302326438,930
28587302326511,262
28587302326528,238
28587302326532,899
28587302326540,1345
28587302326542,422
28587302326556,778
28587302326563,690
28587302326573,309
28587302326603,1142
28587302326617,638
28587302326625,1346
28587302326645,550
28587302326692,682
28587302326703,458
28587302326706,1101
28587302326708,391
28587302326730,343
28587302326739,1139
28587302326742,655
28587302326756,257
28587302326763,938
28587302326767,685
28587302326785,1033
28587302326788,1062
28587302326802,628
28587302326808,793
28587302326857,114
28587302326868,1379
28587302326875,735
28587302326879,1302
28587302326919,157
28587302326926,768
28587302326982,292
28587302326993,1185
28587302326999,1143
28587302327032,400
28587302327043,239
28587302327053,1160
28587302327082,1153
28587302327126,612
28587302327189,488
28587302327198,589
28587302327199,1295
28587302327203,442
28587302327210,1350
28587302327218,652
28587302327224,871
28587302327239,647
28587302327240,767
28587302327269,731
28587302327273,378
28587302327276,1023
28587302327308,418
28587302327347,377
28587302327377,1163
28587302327397,715
28587302327405,1129
28587302327433,1011
28587302327441,989
28587302327456,1013
28587302327466,954
28587302327469,682
28587302327499,260
28587302327501,709
28587302327512,847
28587302327572,1061
28587302327575,1329
28587302327643,168
28587302327661,1142
28587302327669,344
28587302327676,525
28587302327704,572
28587302327717,1238
28587302327725,1238
28587302327742,330
28587302327753,306
28587302327764,1214
28587302327861,422
28587302327897,553
28587302327918,1395
28587302327924,1347
28587302327964,694
28587302328009,998
28587302328026,1097
28587302328029,1101
28587302328069,1071
28587302328083,460
28587302328111,488
28587302328143,482
28587302328169,1305
28587302328199,876
28587302328205,1427
28587302328231,768
28587302328235,1123
28587302328236,786
28587302328309,1428
28587302328321,211
28587302328370,495
28587302328376,1298
28587302328377,1120
28587302328389,1105
28587302328393,1416
28587302328411,120
28587302328438,265
28587302328444,884
28587302328449,1437
28587302328503,464
28587302328560,136
28587302328571,392
28587302328585,824
28587302328606,534
28587302328611,387
28587302328636,936
28587302328643,141
28587302328645,924
28587302328646,964
28587302328655,1247
28587302328660,1293
28587302328663,991
28587302328673,1071
28587302328678,729
28587302328698,1307
28587302328727,131
28587302328745,860
28587302328777,197
28587302328806,962
28587302328817,364
28587302328835,1019
28587302328838,423
28587302328877,982
28587302328910,1345
28587302328912,715
28587302328924,136
28587302328927,626
28587302328934,1147
28587302328942,1083
28587302328962,442
28587302328968,1404
28587302328992,1156
28587302329044,1241
28587302329055,1089
28587302329061,1396
28587302329067,896
28587302329082,612
28587302329135,1020
28587302329138,591
28587302329156,217
28587302329161,1198
28587302329167,524
28587302329187,867
28587302329194,1352
28587302329199,765
28587302329206,1058
28587302329229,1198
28587302329230,1021
28587302329251,1300
28587302329258,882
28587302329293,514
28587302329311,919
28587302329333,288
28587302329336,1109
28587302329353,1147
28587302329391,506
28587302329394,1437
28587302329441,814
28587302329472,509
28587302329480,211
28587302329489,587
28587302329524,131
28587302329547,968
28587302329553,885
28587302329569,896
28587302329574,1306
28587302329577,376
28587302329595,859
28587302329639,891
28587302329645,359
28587302329647,519
28587302329671,199
28587302329674,271
28587302329676,650
28587302329684,812
28587302329802,1383
28587302329806,1212
28587302329829,1180
28587302329837,334
28587302329871,517
28587302329882,511
28587302329890,1172
28587302329901,278
28587302329905,875
28587302329929,891
28587302329948,619
28587302329970,890
28587302330000,458
28587302330052,425
28587302330079,567
28587302330081,1350
28587302330087,1287
28587302330093,473
28587302330098,1314
28587302330099,1026
28587302330119,464
28587302330125,300
28587302330134,1030
28587302330150,994
28587302330160,517
28587302330207,646
28587302330216,289
28587302330225,178
28587302330231,488
28587302330246,585
28587302330248,510
28587302330249,1134
28587302330254,234
28587302330269,488
28587302330272,742
28587302330278,611
28587302330314,1146
28587302330344,1305
28587302330355,594
28587302330372,1113
28587302330388,925
28587302330416,1111
28587302330446,149
28587302330450,1048
28587302330467,855
28587302330491,1360
28587302330494,518
28587302330500,983
28587302330510,968
28587302330512,1380
28587302330559,1205
28587302330561,1248
28587302330581,1344
28587302330608,1399
28587302330619,122
28587302330641,420
28587302330647,1286
28587302330649,1190
28587302330660,1309
28587302330701,307
28587302330703,1385
28587302330711,1222
28587302330713,1235
28587302330740,653
28587302330741,1415
28587302330742,140
28587302330784,993
28587302330827,684
28587302330830,833
28587302330839,204
28587302330840,549
28587302330843,1342
28587302330873,894
28587302330894,421
28587302330901,806
28587302330955,741
28587302330970,1078
28587302331001,313
28587302331024,1169
28587302331032,1245
28587302331106,1350
28587302331120,931
28587302331130,463
28587302331138,223
28587302331141,1292
28587302331142,550
28587302331183,848
28587302331189,139
28587302331193,937
28587302331208,306
28587302331214,264
28587302331233,769
28587302331238,1126
28587302331254,1260
28587302331261,906
28587302331271,1011
28587302331285,752
28587302331289,431
28587302331312,290
28587302331319,985
28587302331325,1187
28587302331346,1022
28587302331357,1031
28587302331392,1338
28587302331402,1038
28587302331403,1425
28587302331428,533
28587302331472,217
28587302331489,555
28587302331514,1273
28587302331559,919
28587302331572,1137
28587302331603,1236
28587302331608,1317
28587302331623,1031
28587302331656,695
28587302331673,811
28587302331683,1117
28587302331774,346
28587302331779,320
28587302331803,1194
28587302331809,816
28587302331828,412
28587302331844,798
28587302331852,1215
28587302331874,580
28587302331910,820
28587302331916,693
28587302331931,715
28587302331932,706
28587302331933,198
28587302331951,1366
28587302331974,733
28587302331986,404
28587302331993,1339
28587302332013,1204
28587302332032,728
28587302332033,884
28587302332046,876
28587302332051,709
28587302332057,1070
28587302332145,1389
28587302332157,1186
28587302332223,1070
28587302332241,681
28587302332256,1399
28587302332259,1192
28587302332282,1132
28587302332291,901
28587302332293,432
28587302332306,168
28587302332315,267
28587302332319,654
28587302332330,443
28587302332360,1295
28587302332385,156
28587302332388,229
28587302332395,1412
28587302332403,1305
28587302332435,696
28587302332495,700
28587302332497,1245
28587302332499,346
28587302332552,1007
28587302332554,1327
28587302332574,370
28587302332595,1340
28587302332596,258
28587302332610,160
28587302332619,1036
28587302332623,1038
28587302332650,1365
28587302332664,603
28587302332682,1203
28587302332688,1363
28587302332706,308
28587302332707,1339
28587302332757,552
28587302332772,922
28587302332779,766
28587302332830,1420
28587302332842,283
28587302332864,883
28587302332907,947
28587302332943,1324
28587302332959,646
28587302332978,1087
28587302333088,660
28587302333120,463
28587302333124,472
28587302333127,281
28587302333130,830
28587302333137,448
28587302333144,728
28587302333167,409
28587302333172,1214
28587302333174,533
30786325577731,866
30786325577740,1073
30786325577780,678
30786325577808,791
30786325577829,599
30786325577830,1205
30786325577866,807
30786325577874,1207
30786325577878,745
30786325577908,1435
30786325577912,945
30786325577931,335
30786325577965,383
30786325577975,529
30786325577982,564
30786325577987,760
30786325578014,769
30786325578027,624
30786325578070,1344
30786325578081,499
30786325578118,1254
30786325578127,1342
30786325578146,187
30786325578153,1449
30786325578155,136
30786325578161,921
30786325578192,1268
30786325578233,769
30786325578234,939
30786325578243,767
30786325578256,716
30786325578269,669
30786325578292,647
30786325578336,1118
30786325578359,1366
30786325578372,831
30786325578403,554
30786325578407,399
30786325578411,576
30786325578435,395
30786325578516,923
30786325578529,1110
30786325578560,883
30786325578561,1219
30786325578583,685
30786325578599,713
30786325578618,662
30786325578631,884
30786325578668,879
30786325578687,1334
30786325578695,824
30786325578699,338
30786325578737,797
30786325578742,635
30786325578746,208
30786325578759,726
30786325578763,771
30786325578770,1080
30786325578774,1421
30786325578796,1011
30786325578829,275
30786325578875,225
30786325578891,1014
30786325578901,841
30786325578931,1136
30786325578940,1069
30786325578960,879
30786325578962,146
30786325578968,1210
30786325578969,496
30786325578972,769
30786325579007,670
30786325579024,765
30786325579031,1216
30786325579078,240
30786325579131,702
30786325579132,1265
30786325579133,1331
30786325579141,952
30786325579149,491
30786325579204,1277
30786325579209,680
30786325579235,172
30786325579242,822
30786325579297,213
30786325579305,510
30786325579308,366
30786325579319,1157
30786325579325,761
30786325579326,157
30786325579327,906
30786325579356,709
30786325579429,823
30786325579449,255
30786325579477,279
30786325579495,959
30786325579509,1401
30786325579519,494
30786325579529,1092
30786325579531,592
30786325579561,551
30786325579577,665
30786325579585,1089
30786325579594,1056
30786325579605,746
30786325579616,149
30786325579662,660
30786325579686,1250
30786325579727,315
30786325579729,855
30786325579741,262
30786325579744,820
30786325579745,1147
30786325579746,914
30786325579754,436
30786325579769,1071
30786325579774,577
30786325579797,185
30786325579807,765
30786325579812,719
30786325579844,1131
30786325579846,442
30786325579859,319
30786325579870,198
30786325579882,427
30786325579883,324
30786325579889,1330
30786325579892,414
30786325579933,1398
30786325579938,1332
30786325579950,497
30786325579963,815
30786325579994,1406
30786325580021,1396
30786325580031,1178
30786325580053,1431
30786325580071,783
30786325580092,200
30786325580112,973
30786325580127,1239
30786325580142,1426
30786325580149,667
30786325580151,950
30786325580159,731
30786325580165,683
30786325580176,1349
30786325580199,488
30786325580242,770
30786325580265,844
30786325580281,824
30786325580282,867
30786325580325,427
30786325580327,941
30786325580361,1394
30786325580384,391
30786325580394,712
30786325580398,490
30786325580399,1041
30786325580420,1192
30786325580429,652
30786325580450,581
30786325580485,1304
30786325580490,680
30786325580499,835
30786325580521,149
30786325580548,1195
30786325580550,1339
30786325580572,1124
30786325580599,335
30786325580602,250
30786325580673,980
30786325580674,235
30786325580695,560
30786325580704,1192
30786325580721,1175
30786325580726,1375
30786325580727,991
30786325580732,1320
30786325580740,399
30786325580765,375
30786325580769,485
30786325580776,1301
30786325580791,459
30786325580804,382
30786325580854,120
30786325580873,549
30786325580915,1211
30786325580942,729
30786325580960,1360
30786325580976,1129
30786325580979,456
30786325580998,208
30786325581003,239
30786325581005,389
30786325581018,1364
30786325581019,1422
30786325581054,178
30786325581056,1177
30786325581067,1185
30786325581069,1086
30786325581075,1382
30786325581083,201
30786325581126,327
30786325581144,530
30786325581166,1348
30786325581167,1037
30786325581170,1278
30786325581174,413
30786325581183,1140
30786325581188,321
30786325581192,409
30786325581207,1123
30786325581215,409
30786325581221,182
30786325581226,230
30786325581241,1135
30786325581267,225
30786325581270,875
30786325581271,1339
30786325581274,868
30786325581287,699
30786325581297,694
30786325581300,283
30786325581317,577
30786325581320,291
30786325581396,127
30786325581417,1170
30786325581422,186
30786325581435,1310
30786325581465,209
30786325581469,967
30786325581477,130
30786325581481,1439
30786325581528,1328
30786325581529,134
30786325581541,1447
30786325581580,136
30786325581610,1039
30786325581627,451
30786325581633,441
30786325581647,523
30786325581667,920
30786325581677,791
30786325581688,539
30786325581709,272
30786325581727,1252
30786325581729,1079
30786325581746,575
30786325581752,656
30786325581786,792
30786325581787,506
30786325581798,979
30786325581809,1384
30786325581865,702
30786325581869,294
30786325581872,456
30786325581879,585
30786325581881,697
30786325581887,810
30786325581898,1425
30786325581903,762
30786325581910,1143
30786325581942,384
30786325581944,1285
30786325581949,745
30786325581952,584
30786325581961,849
30786325581979,1067
30786325582040,1242
30786325582071,227
30786325582105,857
30786325582116,389
30786325582121,253
30786325582127,243
30786325582181,812
30786325582191,315
30786325582240,1069
30786325582249,392
30786325582257,225
30786325582285,1116
30786325582301,831
30786325582307,274
30786325582317,667
30786325582371,342
30786325582392,1227
30786325582394,724
30786325582400,1098
30786325582405,965
30786325582414,596
30786325582458,200
30786325582484,570
30786325582521,142
30786325582523,576
30786325582567,211
30786325582580,1017
30786325582627,657
30786325582636,343
30786325582643,946
30786325582666,227
30786325582700,1402
30786325582731,1192
30786325582734,1072
30786325582758,935
30786325582767,1305
30786325582777,1042
30786325582793,581
30786325582808,220
30786325582815,561
30786325582834,1004
30786325582847,878
30786325582852,726
30786325582865,885
30786325582880,1399
30786325582911,1370
30786325582912,607
30786325582916,874
30786325582919,691
30786325582935,574
30786325582938,216
30786325582941,1108
30786325582952,1161
30786325582960,1377
30786325582996,1128
30786325583011,918
30786325583027,350
30786325583031,590
30786325583063,723
30786325583092,1038
30786325583094,315
30786325583096,1394
30786325583101,718
30786325583102,948
30786325583140,300
30786325583226,1064
30786325583254,298
30786325583264,1333
30786325583304,262
30786325583336,1002
30786325583339,1272
30786325583355,179
30786325583364,447
30786325583386,469
30786325583398,1214
30786325583430,523
30786325583435,809
30786325583456,1068
30786325583457,912
30786325583469,1158
30786325583486,1413
30786325583488,637
30786325583499,212
30786325583511,283
30786325583536,249
30786325583545,1435
30786325583565,124
30786325583602,1133
30786325583613,481
30786325583622,1244
30786325583658,780
30786325583660,905
30786325583674,154
30786325583684,727
30786325583705,310
30786325583719,561
30786325583816,925
30786325583858,397
30786325583895,503
30786325583904,467
30786325583925,1410
30786325583935,312
30786325583972,860
30786325583981,1094
30786325584035,236
30786325584057,285
30786325584061,348
30786325584071,1111
30786325584072,581
30786325584088,484
30786325584099,322
30786325584114,737
30786325584165,498
30786325584170,1339
30786325584205,775
30786325584221,1269
30786325584228,720
30786325584246,654
30786325584264,819
30786325584269,1102
30786325584272,1351
30786325584296,717
30786325584340,190
30786325584346,467
30786325584351,173
30786325584361,556
30786325584376,842
30786325584400,616
30786325584433,204
30786325584441,1003
30786325584445,381
30786325584466,321
30786325584480,1135
30786325584481,1324
30786325584492,1124
30786325584509,772
30786325584513,1218
30786325584549,606
30786325584554,1109
30786325584565,1073
30786325584582,679
30786325584610,644
30786325584628,372
30786325584632,670
30786325584654,586
30786325584668,695
30786325584689,216
30786325584693,219
30786325584735,770
30786325584816,800
30786325584821,930
30786325584824,694
30786325584827,1308
30786325584833,902
30786325584844,468
30786325584853,1129
30786325584893,1432
30786325584917,615
30786325584947,1220
30786325584950,266
30786325584956,302
30786325584970,217
30786325584981,231
30786325584989,796
30786325584998,494
30786325585005,284
30786325585060,1091
30786325585065,1376
30786325585120,179
30786325585122,557
30786325585138,1169
30786325585164,867
30786325585215,632
30786325585224,858
30786325585258,833
30786325585261,1427
30786325585300,1172
30786325585303,639
30786325585325,196
30786325585328,421
30786325585350,1410
30786325585379,286
30786325585385,145
30786325585391,642
30786325585415,1266
30786325585419,1238
30786325585445,387
30786325585458,649
30786325585467,1245
30786325585519,982
30786325585537,1357
30786325585539,622
30786325585542,1084
30786325585548,335
30786325585573,1033
30786325585602,1387
30786325585624,816
30786325585689,915
30786325585714,1327
30786325585720,456
30786325585738,1323
30786325585748,420
30786325585808,1320
30786325585831,415
30786325585839,807
30786325585887,809
30786325585908,919
30786325585942,580
30786325585943,1318
30786325585990,911
30786325586030,1322
30786325586066,507
30786325586069,705
30786325586135,1324
30786325586200,527
30786325586209,520
30786325586218,610
30786325586229,656
30786325586272,276
30786325586298,184
30786325586325,1236
30786325586330,457
30786325586354,194
30786325586387,1126
30786325586408,807
30786325586429,371
30786325586447,1351
30786325586455,245
30786325586494,717
30786325586501,1397
30786325586543,1082
30786325586559,334
30786325586630,1209
30786325586662,725
30786325586665,1401
30786325586679,794
30786325586698,217
30786325586713,780
30786325586720,954
30786325586731,1220
30786325586734,989
30786325586802,971
30786325586835,852
30786325586851,1330
30786325586856,1085
30786325586863,1092
30786325586873,1137
30786325586916,1422
30786325586956,251
30786325586957,982
30786325586959,410
30786325586977,173
30786325587008,151
30786325587027,273
30786325587042,557
30786325587052,381
30786325587073,763
30786325587078,340
30786325587080,981
30786325587082,276
30786325587136,1167
30786325587164,430
30786325587193,658
30786325587194,905
30786325587197,1058
30786325587204,746
30786325587242,612
30786325587283,1169
30786325587316,530
30786325587323,354
30786325587341,127
30786325587352,248
30786325587391,725
30786325587398,1218
30786325587433,1116
30786325587493,1324
30786325587512,1192
30786325587523,701
30786325587534,143
30786325587540,173
30786325587541,950
30786325587555,808
30786325587556,450
30786325587563,165
30786325587579,409
30786325587595,1130
30786325587617,442
30786325587649,752
30786325587654,654
30786325587660,343
30786325587682,1099
30786325587744,541
30786325587745,144
30786325587782,1164
30786325587789,806
30786325587836,231
30786325587837,174
30786325587872,1212
30786325587884,863
30786325587885,1167
30786325587905,526
30786325587915,1339
30786325587942,451
30786325587945,376
30786325587975,1392
30786325588006,674
30786325588012,1064
30786325588072,504
30786325588075,224
30786325588087,512
30786325588090,805
30786325588120,634
30786325588133,829
30786325588163,771
30786325588173,464
30786325588186,1267
30786325588189,1023
30786325588190,482
30786325588195,117
30786325588198,740
30786325588233,924
30786325588238,1232
30786325588260,850
30786325588264,1179
30786325588266,1374
30786325588268,1057
30786325588280,1201
30786325588294,408
30786325588298,1100
30786325588302,1028
30786325588304,1072
30786325588330,1225
30786325588340,408
30786325588367,428
30786325588386,1163
30786325588415,124
30786325588422,845
30786325588424,1154
30786325588436,877
30786325588440,165
30786325588467,725
30786325588476,523
30786325588484,367
30786325588489,653
30786325588492,1041
30786325588493,1439
30786325588497,116
30786325588519,1008
30786325588556,1161
30786325588559,185
30786325588591,367
30786325588609,160
30786325588624,337
30786325588633,1325
30786325588639,1131
30786325588647,652
30786325588681,1192
30786325588698,768
30786325588716,906
32985348833291,350
32985348833319,858
32985348833336,1086
32985348833338,1208
32985348833348,791
32985348833350,378
32985348833385,226
32985348833391,380
32985348833424,353
32985348833444,618
32985348833453,390
32985348833465,724
32985348833481,1416
32985348833501,488
32985348833510,933
32985348833519,1433
32985348833547,639
32985348833555,311
32985348833556,1133
32985348833564,1425
32985348833604,1039
32985348833668,228
32985348833693,1406
32985348833719,1194
32985348833733,212
32985348833790,1078
32985348833806,469
32985348833841,325
32985348833862,796
32985348833864,837
32985348833877,438
32985348833879,1313
32985348833887,324
32985348833891,1286
32985348833899,595
32985348833918,844
32985348833928,679
32985348833957,762
32985348834003,814
32985348834018,916
32985348834020,651
32985348834052,1332
32985348834066,1084
32985348834070,1097
32985348834098,483
32985348834129,1091
32985348834132,1187
32985348834157,888
32985348834199,1106
32985348834201,1374
32985348834227,1242
32985348834254,621
32985348834268,174
32985348834296,1104
32985348834299,424
32985348834305,1414
32985348834316,706
32985348834339,999
32985348834347,689
32985348834360,1014
32985348834361,686
32985348834365,194
32985348834404,656
32985348834420,723
32985348834426,152
32985348834428,1076
32985348834430,715
32985348834465,502
32985348834481,178
32985348834491,128
32985348834517,1303
32985348834530,1199
32985348834534,1148
32985348834570,1284
32985348834678,471
32985348834690,205
32985348834692,231
32985348834694,1008
32985348834744,677
32985348834749,638
32985348834784,957
32985348834848,1425
32985348834863,1048
32985348834866,567
32985348834870,705
32985348834925,482
32985348834959,860
32985348834963,590
32985348834993,499
32985348835002,418
32985348835008,1210
32985348835009,820
32985348835017,650
32985348835026,1440
32985348835033,777
32985348835048,750
32985348835052,897
32985348835115,396
32985348835126,1229
32985348835134,1406
32985348835140,446
32985348835145,1320
32985348835155,929
32985348835175,1236
32985348835195,505
32985348835207,355
32985348835208,603
32985348835242,1304
32985348835316,890
32985348835319,667
32985348835342,361
32985348835348,861
32985348835352,612
32985348835360,410
32985348835363,1440
32985348835385,698
32985348835388,350
32985348835395,848
32985348835450,1350
32985348835466,1346
32985348835467,633
32985348835495,157
32985348835501,1069
32985348835505,1302
32985348835531,122
32985348835544,1451
32985348835569,668
32985348835576,592
32985348835577,1104
32985348835584,628
32985348835600,828
32985348835617,954
32985348835625,826
32985348835634,564
32985348835653,199
32985348835654,1001
32985348835655,501
32985348835752,1184
32985348835771,710
32985348835785,1102
32985348835837,481
32985348835851,1014
32985348835876,462
32985348835896,273
32985348835963,749
32985348835973,1345
32985348836020,791
32985348836040,1332
32985348836041,352
32985348836059,562
32985348836081,1448
32985348836142,923
32985348836147,685
32985348836157,1205
32985348836171,261
32985348836181,1443
32985348836196,1200
32985348836210,926
32985348836248,828
32985348836251,1013
32985348836260,348
32985348836289,874
32985348836333,860
32985348836336,1092
32985348836353,280
32985348836357,773
32985348836358,1022
32985348836371,1376
32985348836387,742
32985348836388,1351
32985348836404,1415
32985348836413,370
32985348836426,481
32985348836442,1102
32985348836447,612
32985348836451,1242
32985348836461,684
32985348836487,303
32985348836499,1289
32985348836501,935
32985348836534,829
32985348836552,732
32985348836567,1322
32985348836579,144
32985348836611,1308
32985348836634,455
32985348836641,940
32985348836650,617
32985348836687,1348
32985348836691,857
32985348836695,1108
32985348836728,933
32985348836737,966
32985348836763,1398
32985348836780,714
32985348836820,523
32985348836992,1420
32985348837009,347
32985348837069,1128
32985348837078,336
32985348837079,182
32985348837087,534
32985348837115,1087
32985348837125,1414
32985348837138,194
32985348837164,853
32985348837188,1118
32985348837244,833
32985348837247,173
32985348837270,272
32985348837297,670
32985348837316,259
32985348837325,562
32985348837391,1372
32985348837398,915
32985348837429,623
32985348837464,1029
32985348837497,461
32985348837522,1269
32985348837528,1376
32985348837538,1174
32985348837580,550
32985348837581,1387
32985348837590,1088
32985348837598,427
32985348837604,1053
32985348837652,119
32985348837672,161
32985348837712,879
32985348837725,520
32985348837730,678
32985348837731,290
32985348837753,272
32985348837776,682
32985348837799,1369
32985348837818,390
32985348837821,837
32985348837824,537
32985348837827,1219
32985348837838,1370
32985348837848,1422
32985348837850,951
32985348837861,1351
32985348837866,1106
32985348837880,494
32985348837903,1031
32985348837907,354
32985348837922,1020
32985348837939,650
32985348837959,1116
32985348837969,1422
32985348838009,247
32985348838012,1019
32985348838028,722
32985348838032,361
32985348838034,727
32985348838056,399
32985348838083,259
32985348838154,1090
32985348838184,741
32985348838189,674
32985348838192,1058
32985348838220,926
32985348838223,377
32985348838233,547
32985348838238,1033
32985348838240,1217
32985348838254,1293
32985348838260,461
32985348838292,502
32985348838309,755
32985348838327,1028
32985348838338,859
32985348838341,1361
32985348838348,686
32985348838353,845
32985348838364,909
32985348838405,1224
32985348838410,369
32985348838424,1169
32985348838445,208
32985348838461,271
32985348838479,632
32985348838491,210
32985348838497,243
32985348838530,569
32985348838556,878
32985348838557,727
32985348838559,135
32985348838571,673
32985348838586,1172
32985348838675,1287
32985348838678,284
32985348838698,1064
32985348838712,573
32985348838736,412
32985348838743,1341
32985348838762,1373
32985348838786,1403
32985348838790,702
32985348838812,1137
32985348838813,1074
32985348838830,633
32985348838860,151
32985348838877,1380
32985348838893,614
32985348838905,1294
32985348838918,207
32985348838932,1226
32985348838980,935
32985348838985,1040
32985348838988,584
32985348839000,156
32985348839012,827
32985348839015,1391
32985348839019,140
32985348839029,1453
32985348839032,1055
32985348839081,776
32985348839083,743
32985348839102,508
32985348839103,264
32985348839121,1086
32985348839124,1415
32985348839145,411
32985348839181,462
32985348839207,441
32985348839218,1111
32985348839229,575
32985348839246,1326
32985348839250,1011
32985348839322,694
32985348839333,1084
32985348839364,230
32985348839370,397
32985348839399,279
32985348839448,228
32985348839485,1438
32985348839517,742
32985348839518,826
32985348839531,1057
32985348839543,1131
32985348839554,258
32985348839562,615
32985348839578,272
32985348839582,1011
32985348839602,1064
32985348839645,486
32985348839684,543
32985348839702,1171
32985348839723,132
32985348839760,511
32985348839785,876
32985348839786,815
32985348839836,328
32985348839844,1302
32985348839857,1436
32985348839860,878
32985348839864,225
32985348839875,507
32985348839879,473
32985348839886,905
32985348839931,133
32985348839949,1106
32985348839950,111
32985348839959,1146
32985348840004,709
32985348840010,1056
32985348840025,841
32985348840026,1075
32985348840035,611
32985348840067,1216
32985348840073,1049
32985348840088,1352
32985348840163,1030
32985348840168,837
32985348840173,465
32985348840175,1440
32985348840222,1256
32985348840224,661
32985348840244,806
32985348840248,1231
32985348840311,1395
32985348840316,1179
32985348840327,1360
32985348840338,823
32985348840341,1297
32985348840369,961
32985348840392,892
32985348840394,403
32985348840409,175
32985348840421,190
32985348840422,1209
32985348840484,307
32985348840530,810
32985348840586,831
32985348840658,641
32985348840714,250
32985348840727,483
32985348840734,354
32985348840750,701
32985348840758,1039
32985348840784,602
32985348840787,1047
32985348840809,610
32985348840818,919
32985348840841,395
32985348840851,310
32985348840861,1253
32985348840879,1303
32985348840886,784
32985348840896,257
32985348840901,471
32985348840920,549
32985348840934,1157
32985348840951,1058
32985348840958,604
32985348840988,1322
32985348840989,311
32985348840996,1067
32985348841011,1130
32985348841016,466
32985348841042,1259
32985348841047,1102
32985348841055,799
32985348841063,1070
32985348841067,210
32985348841078,812
32985348841204,1305
32985348841246,564
32985348841265,635
32985348841275,771
32985348841279,1217
32985348841313,890
32985348841322,303
32985348841364,484
32985348841408,604
32985348841427,930
32985348841456,691
32985348841466,785
32985348841468,712
32985348841477,823
32985348841482,1093
32985348841483,1077
32985348841532,1280
32985348841536,1299
32985348841555,806
32985348841557,332
32985348841559,1002
32985348841603,957
32985348841633,390
32985348841644,1255
32985348841675,738
32985348841684,356
32985348841688,620
32985348841695,1159
32985348841715,403
32985348841739,308
32985348841747,261
32985348841773,402
32985348841791,140
32985348841792,1227
32985348841827,638
32985348841838,1210
32985348841842,375
32985348841848,1171
32985348841855,435
32985348841872,1316
32985348841879,536
32985348841917,243
32985348841918,406
32985348841929,358
32985348841959,773
32985348841969,277
32985348841991,328
32985348842000,1203
32985348842012,1294
32985348842018,1168
32985348842020,259
32985348842035,580
32985348842062,1355
32985348842063,1067
32985348842070,1043
32985348842085,1170
32985348842089,1012
32985348842198,121
32985348842205,261
32985348842255,539
32985348842264,1322
32985348842285,264
32985348842292,791
32985348842332,136
32985348842335,610
32985348842338,329
32985348842359,688
32985348842377,1350
32985348842400,512
32985348842407,847
32985348842410,1423
32985348842442,580
32985348842444,984
32985348842453,535
32985348842474,486
32985348842483,212
32985348842541,1314
32985348842546,192
32985348842549,1191
32985348842559,842
32985348842566,794
32985348842600,1439
32985348842606,1397
32985348842635,501
32985348842647,1079
32985348842665,1245
32985348842667,258
32985348842672,312
32985348842678,794
32985348842698,263
32985348842743,872
32985348842801,263
32985348842829,1182
32985348842849,159
32985348842857,955
32985348842884,1424
32985348842910,870
32985348842914,393
32985348842945,613
32985348842963,542
32985348842987,1111
32985348842998,146
32985348843005,1138
32985348843008,1259
32985348843016,1262
32985348843021,967
32985348843080,991
32985348843119,1025
32985348843135,380
32985348843168,1077
32985348843177,724
32985348843215,1206
32985348843216,608
32985348843230,1083
32985348843233,177
32985348843250,883
32985348843258,1089
32985348843266,1214
32985348843269,621
32985348843326,1363
32985348843333,880
32985348843335,1134
32985348843354,442
32985348843377,246
32985348843405,1412
32985348843409,244
32985348843412,930
32985348843421,541
32985348843443,755
32985348843444,414
32985348843454,1061
32985348843468,992
32985348843490,505
32985348843514,168
32985348843544,199
32985348843566,255
32985348843569,714
32985348843570,703
32985348843595,875
32985348843608,1416
32985348843616,475
32985348843659,905
32985348843680,215
32985348843709,677
32985348843745,391
32985348843757,1130
32985348843775,699
32985348843778,539
32985348843779,404
32985348843807,471
32985348843823,1195
32985348843830,365
32985348843901,904
32985348843918,1247
32985348843925,411
32985348843945,1217
32985348844002,137
32985348844015,970
32985348844018,877
32985348844038,1222
32985348844050,891
32985348844083,160
32985348844129,507
32985348844131,257
32985348844134,942
32985348844168,558
32985348844173,1320
32985348844186,1138
32985348844193,394
32985348844227,527
32985348844229,1365
32985348844269,1372
32985348844275,968
35184372088834,642
35184372088850,1332
35184372088856,388
35184372088868,255
35184372088870,747
35184372088904,1295
35184372088908,1342
35184372088917,423
35184372088938,556
35184372088992,826
35184372088994,965
35184372088995,1100
35184372089024,149
35184372089026,1204
35184372089047,1238
35184372089060,1127
35184372089073,606
35184372089082,273
35184372089092,949
35184372089098,1364
35184372089124,957
35184372089125,865
35184372089137,1262
35184372089147,1229
35184372089148,913
35184372089157,1088
35184372089230,968
35184372089235,366
35184372089243,537
35184372089261,851
35184372089269,1314
35184372089335,1016
35184372089359,977
35184372089365,726
35184372089372,370
35184372089384,803
35184372089418,1440
35184372089419,385
35184372089421,541
35184372089442,1439
35184372089453,944
35184372089461,139
35184372089462,559
35184372089475,424
35184372089477,983
35184372089483,951
35184372089484,1299
35184372089516,393
35184372089524,973
35184372089576,976
35184372089590,180
35184372089608,191
35184372089636,909
35184372089645,765
35184372089652,567
35184372089680,596
35184372089689,773
35184372089744,1011
35184372089752,978
35184372089763,504
35184372089795,1081
35184372089837,899
35184372089840,170
35184372089865,315
35184372089870,310
35184372089883,1167
35184372089959,753
35184372089969,1151
35184372090052,569
35184372090055,1350
35184372090065,1102
35184372090083,1252
35184372090097,1179
35184372090103,465
35184372090120,1390
35184372090121,825
35184372090131,990
35184372090138,451
35184372090144,342
35184372090148,1415
35184372090151,809
35184372090153,944
35184372090163,1253
35184372090189,1131
35184372090196,724
35184372090208,684
35184372090214,1046
35184372090217,1211
35184372090263,788
35184372090265,1297
35184372090273,1282
35184372090358,1418
35184372090411,806
35184372090439,672
35184372090482,267
35184372090491,611
35184372090540,150
35184372090558,786
35184372090565,997
35184372090580,671
35184372090582,1024
35184372090588,634
35184372090590,1029
35184372090591,978
35184372090598,621
35184372090605,1152
35184372090607,423
35184372090610,575
35184372090624,926
35184372090631,1429
35184372090663,749
35184372090702,209
35184372090710,238
35184372090719,637
35184372090739,1047
35184372090743,625
35184372090782,467
35184372090800,1040
35184372090806,145
35184372090822,271
35184372090834,1426
35184372090859,159
35184372090879,358
35184372090910,1407
35184372090934,1390
35184372090941,983
35184372090954,267
35184372090971,949
35184372090975,432
35184372091009,337
35184372091012,1024
35184372091015,120
35184372091055,404
35184372091078,1260
35184372091084,1057
35184372091089,1263
35184372091097,1247
35184372091151,220
35184372091162,420
35184372091172,315
35184372091214,1401
35184372091225,849
35184372091251,978
35184372091259,1385
35184372091281,1282
35184372091283,964
35184372091341,935
35184372091374,1117
35184372091393,1250
35184372091410,413
35184372091438,424
35184372091451,842
35184372091452,869
35184372091460,896
35184372091523,1057
35184372091526,1070
35184372091584,449
35184372091711,1381
35184372091721,422
35184372091725,1352
35184372091739,112
35184372091744,1196
35184372091768,729
35184372091784,853
35184372091802,1010
35184372091823,612
35184372091845,981
35184372091851,1343
35184372091853,772
35184372091856,1110
35184372091867,119
35184372091891,975
35184372091970,956
35184372092017,1100
35184372092025,1021
35184372092060,933
35184372092071,1288
35184372092078,1049
35184372092103,423
35184372092128,537
35184372092149,1064
35184372092166,553
35184372092189,521
35184372092199,806
35184372092201,1195
35184372092218,1063
35184372092225,1026
35184372092244,400
35184372092254,1426
35184372092294,881
35184372092337,1112
35184372092338,1126
35184372092348,983
35184372092350,485
35184372092380,281
35184372092400,366
35184372092406,1005
35184372092409,982
35184372092420,487
35184372092458,886
35184372092478,987
35184372092482,769
35184372092553,471
35184372092571,668
35184372092574,1340
35184372092575,1441
35184372092620,936
35184372092635,1328
35184372092683,931
35184372092688,408
35184372092691,1062
35184372092700,520
35184372092725,1092
35184372092782,740
35184372092798,1328
35184372092810,368
35184372092820,250
35184372092825,138
35184372092829,552
35184372092854,1265
35184372092866,1401
35184372092870,134
35184372092911,118
35184372092912,1413
35184372092916,269
35184372092938,271
35184372092939,787
35184372092945,120
35184372093015,337
35184372093047,1340
35184372093052,301
35184372093067,1144
35184372093069,935
35184372093078,1316
35184372093088,1391
35184372093095,928
35184372093104,188
35184372093137,1379
35184372093138,689
35184372093151,173
35184372093164,971
35184372093191,772
35184372093215,1033
35184372093248,121
35184372093267,236
35184372093274,703
35184372093298,707
35184372093307,710
35184372093321,1046
35184372093330,435
35184372093343,255
35184372093345,626
35184372093349,975
35184372093350,170
35184372093387,284
35184372093527,582
35184372093543,1141
35184372093552,722
35184372093568,961
35184372093585,1164
35184372093604,938
35184372093610,350
35184372093615,757
35184372093629,1257
35184372093632,1097
35184372093642,1085
35184372093652,931
35184372093659,412
35184372093665,664
35184372093674,1044
35184372093680,940
35184372093693,483
35184372093722,933
35184372093748,121
35184372093754,982
35184372093781,837
35184372093825,876
35184372093832,741
35184372093892,192
35184372093903,1304
35184372093927,596
35184372093958,1173
35184372093967,1245
35184372093980,1051
35184372093999,412
35184372094002,202
35184372094011,1269
35184372094081,759
35184372094117,1387
35184372094132,126
35184372094145,1416
35184372094149,797
35184372094150,254
35184372094177,1201
35184372094180,1369
35184372094186,1303
35184372094193,778
35184372094207,950
35184372094222,579
35184372094224,1097
35184372094232,719
35184372094272,1431
35184372094279,1020
35184372094297,374
35184372094310,1284
35184372094312,1161
35184372094345,240
35184372094374,959
35184372094380,646
35184372094410,929
35184372094422,331
35184372094423,556
35184372094449,148
35184372094475,645
35184372094476,439
35184372094507,365
35184372094509,210
35184372094510,1306
35184372094512,1443
35184372094582,1403
35184372094594,1229
35184372094595,1432
35184372094613,367
35184372094614,223
35184372094619,302
35184372094637,248
35184372094658,1106
35184372094668,718
35184372094681,413
35184372094688,1088
35184372094708,228
35184372094714,924
35184372094716,583
35184372094722,925
35184372094729,1072
35184372094748,722
35184372094784,161
35184372094794,558
35184372094812,1089
35184372094880,1291
35184372094881,634
35184372094888,1431
35184372094910,1393
35184372094912,1185
35184372094934,713
35184372094935,784
35184372094992,1295
35184372094993,1442
35184372094995,839
35184372095012,401
35184372095020,722
35184372095027,1419
35184372095047,125
35184372095048,439
35184372095051,844
35184372095059,981
35184372095077,1155
35184372095089,1445
35184372095092,1236
35184372095104,1451
35184372095123,730
35184372095151,124
35184372095162,728
35184372095201,1054
35184372095202,1300
35184372095285,250
35184372095297,1021
35184372095326,317
35184372095364,739
35184372095389,696
35184372095402,139
35184372095441,975
35184372095453,429
35184372095515,1142
35184372095522,750
35184372095539,303
35184372095547,969
35184372095553,525
35184372095561,1202
35184372095569,1084
35184372095571,968
35184372095593,1196
35184372095595,556
35184372095616,1205
35184372095646,1357
35184372095672,1060
35184372095683,702
35184372095829,969
35184372095846,602
35184372095848,278
35184372095852,667
35184372095857,439
35184372095884,365
35184372095912,825
35184372095933,631
35184372095947,303
35184372095951,489
35184372095962,1350
35184372095965,1074
35184372095980,821
35184372095987,1290
35184372095990,253
35184372096001,1355
35184372096015,624
35184372096029,252
35184372096032,170
35184372096075,659
35184372096088,1322
35184372096104,720
35184372096170,360
35184372096194,633
35184372096244,1296
35184372096247,317
35184372096252,452
35184372096284,541
35184372096311,841
35184372096343,798
35184372096349,258
35184372096369,423
35184372096380,797
35184372096415,930
35184372096416,924
35184372096420,669
35184372096446,637
35184372096469,661
35184372096487,402
35184372096488,1140
35184372096512,375
35184372096524,1103
35184372096532,1099
35184372096533,876
35184372096544,998
35184372096582,155
35184372096587,505
35184372096601,1217
35184372096618,1379
35184372096631,773
35184372096633,419
35184372096639,1213
35184372096666,880
35184372096697,750
35184372096702,743
35184372096703,1453
35184372096759,662
35184372096762,212
35184372096826,1029
35184372096829,916
35184372096832,586
35184372096854,212
35184372096876,1359
35184372096899,628
35184372096908,749
35184372096917,387
35184372096931,349
35184372096958,535
35184372096966,1400
35184372096977,1302
35184372096996,1445
35184372097002,292
35184372097015,1109
35184372097026,1341
35184372097030,365
35184372097065,1319
35184372097068,727
35184372097076,1263
35184372097083,222
35184372097098,384
35184372097104,401
35184372097122,1077
35184372097130,863
35184372097177,577
35184372097208,1245
35184372097221,1430
35184372097224,239
35184372097231,856
35184372097246,1202
35184372097257,871
35184372097261,775
35184372097262,1363
35184372097286,309
35184372097296,500
35184372097331,1075
35184372097342,552
35184372097346,251
35184372097347,1105
35184372097360,316
35184372097393,1019
35184372097439,988
35184372097442,1063
35184372097463,1377
35184372097466,568
35184372097476,756
35184372097478,1431
35184372097490,137
35184372097498,211
35184372097517,495
35184372097518,657
35184372097527,812
35184372097532,1321
35184372097538,910
35184372097588,702
35184372097627,507
35184372097649,123
35184372097687,779
35184372097694,1390
35184372097716,713
35184372097727,1296
35184372097740,390
35184372097763,1370
35184372097765,1188
35184372097790,1213
35184372097809,1025
35184372097811,915
35184372097831,546
35184372097850,1009
35184372097854,886
35184372097861,966
35184372097873,903
35184372097888,558
35184372097893,834
35184372097965,187
35184372097978,138
35184372097995,720
35184372097997,1369
35184372098030,1215
35184372098039,405
35184372098054,475
35184372098057,1114
35184372098065,701
35184372098067,972
35184372098078,693
35184372098113,307
35184372098116,228
35184372098117,158
35184372098185,1098
35184372098200,1116
35184372098208,1128
35184372098245,160
35184372098262,794
35184372098263,1152
35184372098267,1204
35184372098287,527
35184372098293,884
35184372098303,870
35184372098304,260
35184372098311,817
35184372098313,267
35184372098391,171
35184372098394,703
35184372098406,1280
35184372098417,1267
35184372098424,594
35184372098434,854
35184372098450,1227
35184372098461,558
35184372098463,716
35184372098503,294
35184372098549,306
35184372098554,940
35184372098555,616
35184372098571,1357
35184372098595,1142
35184372098598,1143
35184372098657,768
35184372098666,1178
35184372098696,1198
35184372098712,556
35184372098717,1017
35184372098751,319
35184372098798,559
35184372098830,591
35184372098834,638
35184372098841,501
35184372098845,154
35184372098850,417
35184372098880,171
35184372098900,515
35184372098911,686
35184372098918,476
35184372098959,1052
35184372098965,618
35184372098999,807
35184372099027,316
35184372099038,818
35184372099039,1332
35184372099040,801
35184372099052,765
35184372099063,625
35184372099135,1003
35184372099150,1352
35184372099174,232
35184372099188,1060
35184372099202,605
35184372099207,1070
35184372099219,480
35184372099288,505
35184372099298,729
35184372099301,245
35184372099353,708
35184372099365,1422
35184372099446,520
35184372099484,115
35184372099504,616
35184372099514,185
35184372099530,658
35184372099538,1360
35184372099562,438
35184372099574,982
35184372099612,456
35184372099648,540
35184372099677,276
35184372099692,387
35184372099719,1006
35184372099746,188
35184372099767,1403
35184372099788,1285
35184372099809,492
37383395344394,632
37383395344409,1177
37383395344412,1363
37383395344421,407
37383395344510,1217
37383395344515,695
37383395344517,1181
37383395344524,1422
37383395344527,1142
37383395344535,957
37383395344597,567
37383395344609,1278
37383395344616,1168
37383395344633,1222
37383395344652,1182
37383395344702,1204
37383395344719,1366
37383395344816,684
37383395344923,998
37383395344967,482
37383395344982,927
37383395345004,740
37383395345016,507
37383395345030,276
37383395345060,720
37383395345095,933
37383395345101,185
37383395345115,1200
37383395345125,486
37383395345155,347
37383395345158,1093
37383395345168,1414
37383395345180,210
37383395345186,845
37383395345265,1408
37383395345279,392
37383395345333,947
37383395345359,956
37383395345376,755
37383395345384,1305
37383395345399,294
37383395345444,615
37383395345445,487
37383395345463,775
37383395345487,1410
37383395345489,1342
37383395345490,1129
37383395345514,256
37383395345528,724
37383395345529,161
37383395345533,1064
37383395345539,502
37383395345567,1242
37383395345571,1359
37383395345594,357
37383395345640,495
37383395345657,341
37383395345699,1226
37383395345702,1312
37383395345727,905
37383395345731,661
37383395345751,651
37383395345768,1201
37383395345773,454
37383395345872,266
37383395345894,238
37383395345929,598
37383395345941,411
37383395345943,457
37383395345949,1192
37383395345972,155
37383395346031,563
37383395346065,1058
37383395346079,766
37383395346098,651
37383395346126,373
37383395346171,1422
37383395346174,285
37383395346192,1096
37383395346201,1349
37383395346223,327
37383395346245,225
37383395346294,879
37383395346298,258
37383395346338,976
37383395346348,252
37383395346368,1248
37383395346370,278
37383395346398,753
37383395346416,726
37383395346449,354
37383395346475,1062
37383395346505,371
37383395346521,1211
37383395346524,532
37383395346560,856
37383395346598,848
37383395346616,1294
37383395346664,503
37383395346669,401
37383395346692,1127
37383395346772,1334
37383395346788,676
37383395346810,1284
37383395346812,482
37383395346820,682
37383395346839,1380
37383395346869,1272
37383395346877,332
37383395346899,112
37383395346904,1385
37383395346911,488
37383395346914,833
37383395346918,970
37383395346970,1147
37383395347029,509
37383395347032,655
37383395347037,1046
37383395347044,231
37383395347087,652
37383395347105,601
37383395347112,1320
37383395347130,120
37383395347133,1014
37383395347143,1449
37383395347150,661
37383395347187,112
37383395347240,786
37383395347248,434
37383395347254,1011
37383395347272,885
37383395347282,615
37383395347284,643
37383395347315,1081
37383395347318,1231
37383395347365,1374
37383395347369,464
37383395347399,756
37383395347430,396
37383395347466,1090
37383395347468,521
37383395347498,527
37383395347576,125
37383395347607,1208
37383395347639,1168
37383395347658,640
37383395347700,1259
37383395347736,321
37383395347755,716
37383395347778,1180
37383395347788,1144
37383395347792,258
37383395347798,1009
37383395347820,150
37383395347825,321
37383395347864,1032
37383395347868,1346
37383395347880,804
37383395347896,1185
37383395347899,256
37383395347913,1108
37383395347919,1212
37383395347922,390
37383395347984,844
37383395347992,1069
37383395348013,1316
37383395348048,1215
37383395348069,746
37383395348099,1426
37383395348104,1176
37383395348132,346
37383395348160,366
37383395348161,1183
37383395348165,1111
37383395348170,1085
37383395348206,1310
37383395348223,1203
37383395348227,720
37383395348263,1326
37383395348267,1128
37383395348308,391
37383395348315,211
37383395348335,390
37383395348346,744
37383395348353,166
37383395348360,111
37383395348395,1038
37383395348427,296
37383395348448,685
37383395348452,1392
37383395348469,258
37383395348486,487
37383395348487,972
37383395348545,398
37383395348570,277
37383395348590,423
37383395348594,1329
37383395348620,806
37383395348655,1078
37383395348671,141
37383395348672,878
37383395348692,1421
37383395348700,1068
37383395348730,984
37383395348780,312
37383395348785,1338
37383395348795,693
37383395348809,615
37383395348836,1002
37383395348949,622
37383395348956,770
37383395348967,968
37383395348968,1119
37383395348983,1235
37383395349000,607
37383395349053,1209
37383395349067,750
37383395349074,619
37383395349082,628
37383395349091,252
37383395349106,906
37383395349135,475
37383395349143,941
37383395349149,299
37383395349157,245
37383395349161,779
37383395349165,510
37383395349172,1020
37383395349175,619
37383395349203,766
37383395349206,972
37383395349214,342
37383395349225,712
37383395349264,116
37383395349301,866
37383395349336,611
37383395349355,1136
37383395349360,636
37383395349368,1133
37383395349392,1382
37383395349428,691
37383395349461,931
37383395349499,198
37383395349504,785
37383395349507,401
37383395349513,154
37383395349515,1093
37383395349548,154
37383395349573,1291
37383395349592,1175
37383395349598,790
37383395349602,1074
37383395349610,1014
37383395349625,267
37383395349670,493
37383395349764,1018
37383395349803,806
37383395349807,973
37383395349821,683
37383395349823,195
37383395349827,735
37383395349900,427
37383395349901,326
37383395349902,1435
37383395349930,778
37383395349940,427
37383395349979,1062
37383395350000,803
37383395350048,560
37383395350074,711
37383395350076,1441
37383395350097,906
37383395350098,721
37383395350100,319
37383395350128,289
37383395350130,547
37383395350151,197
37383395350154,1325
37383395350173,1311
37383395350193,675
37383395350209,863
37383395350227,1172
37383395350242,649
37383395350283,972
37383395350287,179
37383395350372,690
37383395350396,452
37383395350404,767
37383395350417,1004
37383395350470,1136
37383395350540,1292
37383395350542,1047
37383395350582,1066
37383395350608,509
37383395350618,1154
37383395350627,322
37383395350655,539
37383395350659,603
37383395350681,740
37383395350685,734
37383395350704,843
37383395350764,764
37383395350832,548
37383395350845,1045
37383395350874,454
37383395350888,873
37383395350913,134
37383395350919,1256
37383395350930,718
37383395350984,348
37383395351006,901
37383395351030,750
37383395351042,399
37383395351069,457
37383395351077,791
37383395351080,1332
37383395351131,227
37383395351195,1159
37383395351225,1205
37383395351268,1222
37383395351280,879
37383395351305,1325
37383395351314,1276
37383395351336,1213
37383395351410,538
37383395351421,1343
37383395351425,906
37383395351427,811
37383395351457,672
37383395351535,359
37383395351548,1449
37383395351552,1375
37383395351559,1110
37383395351563,345
37383395351576,1096
37383395351585,497
37383395351696,661
37383395351730,1172
37383395351736,415
37383395351740,775
37383395351754,356
37383395351774,1263
37383395351787,148
37383395351800,114
37383395351807,957
37383395351816,1321
37383395351842,904
37383395351867,158
37383395351876,1154
37383395351896,585
37383395351906,936
37383395351910,704
37383395351928,1148
37383395351996,216
37383395352002,1186
37383395352011,757
37383395352030,665
37383395352046,170
37383395352058,1300
37383395352088,634
37383395352091,340
37383395352147,501
37383395352148,524
37383395352163,1280
37383395352214,1232
37383395352223,1326
37383395352224,804
37383395352244,317
37383395352273,989
37383395352281,310
37383395352291,462
37383395352329,331
37383395352354,1304
37383395352366,1295
37383395352373,1275
37383395352442,964
37383395352447,1128
37383395352448,378
37383395352459,764
37383395352463,871
37383395352492,393
37383395352496,847
37383395352503,1420
37383395352573,713
37383395352583,1431
37383395352602,514
37383395352665,547
37383395352724,1195
37383395352763,531
37383395352778,1216
37383395352826,762
37383395352852,951
37383395352864,776
37383395352900,349
37383395352914,843
37383395352918,1383
37383395352940,798
37383395352953,753
37383395352969,1290
37383395352980,608
37383395353039,134
37383395353044,192
37383395353046,1238
37383395353055,270
37383395353060,322
37383395353099,114
37383395353101,756
37383395353132,116
37383395353181,210
37383395353219,515
37383395353224,448
37383395353253,1363
37383395353290,384
37383395353295,786
37383395353296,1138
37383395353297,113
37383395353308,1227
37383395353313,677
37383395353316,941
37383395353344,336
37383395353345,718
37383395353360,489
37383395353362,411
37383395353379,425
37383395353431,521
37383395353447,579
37383395353452,569
37383395353455,664
37383395353477,608
37383395353515,569
37383395353521,1112
37383395353535,1401
37383395353541,1083
37383395353563,668
37383395353579,1344
37383395353607,917
37383395353621,1251
37383395353628,1425
37383395353631,670
37383395353671,1293
37383395353673,923
37383395353702,399
37383395353706,928
37383395353775,830
37383395353798,1353
37383395353801,1235
37383395353804,1196
37383395353805,1301
37383395353813,621
37383395353828,1143
37383395353830,622
37383395353862,1440
37383395353888,618
37383395353893,421
37383395353897,1425
37383395353906,835
37383395353925,1226
37383395353937,221
37383395353942,152
37383395353957,1080
37383395353977,946
37383395353984,1440
37383395353985,376
37383395354034,351
37383395354035,492
37383395354040,176
37383395354074,610
37383395354119,1232
37383395354152,1327
37383395354242,237
37383395354274,1433
37383395354276,1292
37383395354286,228
37383395354301,1115
37383395354313,1198
37383395354322,879
37383395354340,1301
37383395354341,511
37383395354381,595
37383395354392,1334
37383395354408,1187
37383395354409,1347
37383395354420,1083
37383395354422,822
37383395354454,712
37383395354459,1367
37383395354482,353
37383395354529,333
37383395354530,1448
37383395354531,1031
37383395354534,1251
37383395354588,366
37383395354600,732
37383395354602,1449
37383395354609,407
37383395354620,1282
37383395354638,460
37383395354646,378
37383395354671,1225
37383395354675,1249
37383395354695,1052
37383395354732,668
37383395354764,1317
37383395354765,892
37383395354767,1298
37383395354792,117
37383395354799,195
37383395354808,784
37383395354812,1339
37383395354869,838
37383395354870,936
37383395354871,965
37383395354876,1252
37383395354899,1107
37383395354909,408
37383395354967,177
37383395354981,305
37383395354989,270
37383395354990,407
37383395355019,599
37383395355035,1337
37383395355044,963
37383395355065,744
37383395355077,678
37383395355093,283
37383395355095,1341
37383395355103,1133
37383395355105,187
37383395355108,390
37383395355116,1079
37383395355128,1242
37383395355138,1307
37383395355146,644
37383395355161,1102
37383395355173,231
37383395355192,306
37383395355228,1434
37383395355291,1185
37383395355336,1306
37383395355342,774
37383395355351,1017
37383395355362,942
37383395355368,782
